Hour,Runtime
6/9/23 0:00,1848.46
6/9/23 1:00,1828.53
6/9/23 2:00,2046.14
6/9/23 3:00,1877.21
6/9/23 4:00,1642.56
6/9/23 5:00,1799.56
6/9/23 6:00,2115.26
6/9/23 7:00,2180.82
6/9/23 8:00,1868.27
6/9/23 9:00,1805.19
6/9/23 10:00,1922.31
6/9/23 11:00,2313.99
6/9/23 12:00,2422.52
6/9/23 13:00,2760.34
6/9/23 14:00,3019.9
6/9/23 15:00,2901.78
6/9/23 16:00,2679.37
6/9/23 17:00,2491.58
6/9/23 18:00,2549.5
6/9/23 19:00,2553.28
6/9/23 20:00,2431.78
6/9/23 21:00,2103.12
6/9/23 22:00,1945.17
6/9/23 23:00,1929.18
6/10/23 0:00,2102.34
6/10/23 1:00,1920.87
6/10/23 2:00,2125.1
6/10/23 3:00,1999.94
6/10/23 4:00,1747.43
6/10/23 5:00,1705.92
6/10/23 6:00,2302.91
6/10/23 7:00,2459.94
6/10/23 8:00,1879.93
6/10/23 9:00,1425.35
6/10/23 10:00,1620.53
6/10/23 11:00,2007.7
6/10/23 12:00,1916.88
6/10/23 13:00,1862.89
6/10/23 14:00,1666.36
6/10/23 15:00,1613.62
6/10/23 16:00,1793.25
6/10/23 17:00,1872.89
6/10/23 18:00,1774.68
6/10/23 19:00,1806.76
6/10/23 20:00,1784.22
6/10/23 21:00,1609.69
6/10/23 22:00,1549.05
6/10/23 23:00,1478.68
6/11/23 0:00,1732.06
6/11/23 1:00,1694.78
6/11/23 2:00,1993.07
6/11/23 3:00,2239.74
6/11/23 4:00,2696.37
6/11/23 5:00,2332.15
6/11/23 6:00,1600.2
6/11/23 7:00,1885.66
6/11/23 8:00,1816.04
6/11/23 9:00,1494.5
6/11/23 10:00,1649.81
6/11/23 11:00,1726.59
6/11/23 12:00,1723.52
6/11/23 13:00,1622.71
6/11/23 14:00,1726.94
6/11/23 15:00,1406.72
6/11/23 16:00,1386.99
6/11/23 17:00,1640.77
6/11/23 18:00,1706.36
6/11/23 19:00,1725.59
6/11/23 20:00,1713.86
6/11/23 21:00,1816.83
6/11/23 22:00,1795.22
6/11/23 23:00,1900.5
6/12/23 0:00,2148.05
6/12/23 1:00,1972.68
6/12/23 2:00,1843.38
6/12/23 3:00,2496.99
6/12/23 4:00,2511.46
6/12/23 5:00,2305.41
6/12/23 6:00,2100.93
6/12/23 7:00,2251.11
6/12/23 8:00,1914.87
6/12/23 9:00,1785.63
6/12/23 10:00,2186.01
6/12/23 11:00,2166.87
6/12/23 12:00,2289.34
6/12/23 13:00,2586.83
6/12/23 14:00,2509.56
6/12/23 15:00,2374.92
6/12/23 16:00,2360.03
6/12/23 17:00,2323.79
6/12/23 18:00,2318.51
6/12/23 19:00,2278.75
6/12/23 20:00,2187.29
6/12/23 21:00,1950.29
6/12/23 22:00,1886.03
6/12/23 23:00,1860.27
6/13/23 0:00,1941.74
6/13/23 1:00,1880.8
6/13/23 2:00,1955.49
6/13/23 3:00,2131.51
6/13/23 4:00,1899.54
6/13/23 5:00,2122.7
6/13/23 6:00,2192.99
6/13/23 7:00,2126.55
6/13/23 8:00,1768.18
6/13/23 9:00,1647.44
6/13/23 10:00,1934.75
6/13/23 11:00,2009.4
6/13/23 12:00,2244.08
6/13/23 13:00,2399.86
6/13/23 14:00,2517.94
6/13/23 15:00,2505.92
6/13/23 16:00,2497.94
6/13/23 17:00,2525.24
6/13/23 18:00,2449.86
6/13/23 19:00,2322.72
6/13/23 20:00,2238.74
6/13/23 21:00,2075.61
6/13/23 22:00,1968.19
6/13/23 23:00,1910.33
6/14/23 0:00,1981.77
6/14/23 1:00,2004.05
6/14/23 2:00,1919.67
6/14/23 3:00,2040.49
6/14/23 4:00,1856.79
6/14/23 5:00,1824.08
6/14/23 6:00,2088.96
6/14/23 7:00,2172.8
6/14/23 8:00,1938.81
6/14/23 9:00,1777.2
6/14/23 10:00,1848.95
6/14/23 11:00,2015.98
6/14/23 12:00,2159.4
6/14/23 13:00,2327.45
6/14/23 14:00,2432.74
6/14/23 15:00,2450.2
6/14/23 16:00,2411.11
6/14/23 17:00,2490.95
6/14/23 18:00,2414.08
6/14/23 19:00,2403.17
6/14/23 20:00,2305.1
6/14/23 21:00,1987.36
6/14/23 22:00,1897.8
6/14/23 23:00,1848.09
6/15/23 0:00,1964.94
6/15/23 1:00,1893.51
6/15/23 2:00,1988.7
6/15/23 3:00,2111.74
6/15/23 4:00,2090.47
6/15/23 5:00,2023.82
6/15/23 6:00,2006.76
6/15/23 7:00,2093.14
6/15/23 8:00,1886.16
6/15/23 9:00,1999.03
6/15/23 10:00,1864.48
6/15/23 11:00,2040.51
6/15/23 12:00,2178.57
6/15/23 13:00,2378.38
6/15/23 14:00,2367.92
6/15/23 15:00,2367.33
6/15/23 16:00,2249.95
6/15/23 17:00,2236.51
6/15/23 18:00,2259.26
6/15/23 19:00,2256.65
6/15/23 20:00,2258.21
6/15/23 21:00,2068.96
6/15/23 22:00,1811.68
6/15/23 23:00,1714.64
6/16/23 0:00,1902.31
6/16/23 1:00,1885.29
6/16/23 2:00,1883.8
6/16/23 3:00,2175.58
6/16/23 4:00,2193.65
6/16/23 5:00,1862.12
6/16/23 6:00,1750.34
6/16/23 7:00,1940.72
6/16/23 8:00,1845.06
6/16/23 9:00,1864.89
6/16/23 10:00,2119.66
6/16/23 11:00,2128.08
6/16/23 12:00,2002.8
6/16/23 13:00,2179.43
6/16/23 14:00,2315
6/16/23 15:00,2279.66
6/16/23 16:00,2181.63
6/16/23 17:00,2186.33
6/16/23 18:00,2166.73
6/16/23 19:00,2196.56
6/16/23 20:00,2086.01
6/16/23 21:00,1891.61
6/16/23 22:00,1798.78
6/16/23 23:00,1806.13
6/17/23 0:00,1803.23
6/17/23 1:00,1651.67
6/17/23 2:00,1641.44
6/17/23 3:00,1897.85
6/17/23 4:00,1841.74
6/17/23 5:00,1739.77
6/17/23 6:00,1813.83
6/17/23 7:00,2017.71
6/17/23 8:00,1559.69
6/17/23 9:00,1568.81
6/17/23 10:00,1694.77
6/17/23 11:00,1973.06
6/17/23 12:00,1829.05
6/17/23 13:00,2029.93
6/17/23 14:00,1954.16
6/17/23 15:00,1876.67
6/17/23 16:00,1830.34
6/17/23 17:00,1740.35
6/17/23 18:00,1719.75
6/17/23 19:00,1825.19
6/17/23 20:00,1814.43
6/17/23 21:00,1500.71
6/17/23 22:00,1418.72
6/17/23 23:00,1473.9
6/18/23 0:00,1582.55
6/18/23 1:00,1729.29
6/18/23 2:00,1764.21
6/18/23 3:00,1921.73
6/18/23 4:00,2134.84
6/18/23 5:00,2015.13
6/18/23 6:00,1918.98
6/18/23 7:00,1866.38
6/18/23 8:00,1388.29
6/18/23 9:00,1465.8
6/18/23 10:00,1641.48
6/18/23 11:00,1896.33
6/18/23 12:00,1793.17
6/18/23 13:00,1700.02
6/18/23 14:00,1593.08
6/18/23 15:00,1688.81
6/18/23 16:00,1683.72
6/18/23 17:00,1537.89
6/18/23 18:00,1473.67
6/18/23 19:00,1500.56
6/18/23 20:00,1436.35
6/18/23 21:00,1413.33
6/18/23 22:00,1584.06
6/18/23 23:00,1603.08
6/19/23 0:00,1793.81
6/19/23 1:00,1563.27
6/19/23 2:00,1603.86
6/19/23 3:00,1796.39
6/19/23 4:00,1979.62
6/19/23 5:00,1863.36
6/19/23 6:00,1780.15
6/19/23 7:00,1918.55
6/19/23 8:00,1609.05
6/19/23 9:00,1705.55
6/19/23 10:00,2070.3
6/19/23 11:00,2228.5
6/19/23 12:00,2156.59
6/19/23 13:00,2191
6/19/23 14:00,2189.11
6/19/23 15:00,2128.38
6/19/23 16:00,2111.43
6/19/23 17:00,1951.38
6/19/23 18:00,2053.23
6/19/23 19:00,2016.13
6/19/23 20:00,1952.78
6/19/23 21:00,1727.73
6/19/23 22:00,1645.57
6/19/23 23:00,1750.91
6/20/23 0:00,1885.05
6/20/23 1:00,2019.15
6/20/23 2:00,2040.33
6/20/23 3:00,2126.75
6/20/23 4:00,2452.31
6/20/23 5:00,2258.54
6/20/23 6:00,1959.26
6/20/23 7:00,1989.97
6/20/23 8:00,1935.88
6/20/23 9:00,1747.58
6/20/23 10:00,2316.89
6/20/23 11:00,2327.41
6/20/23 12:00,2331.9
6/20/23 13:00,2443.77
6/20/23 14:00,2406.02
6/20/23 15:00,2370.99
6/20/23 16:00,2255.18
6/20/23 17:00,2234.97
6/20/23 18:00,2176.23
6/20/23 19:00,2254.19
6/20/23 20:00,2172.95
6/20/23 21:00,1912.55
6/20/23 22:00,1814.13
6/20/23 23:00,1877.15
6/21/23 0:00,1909.35
6/21/23 1:00,1760.8
6/21/23 2:00,1755.6
6/21/23 3:00,1837.77
6/21/23 4:00,1919.64
6/21/23 5:00,2063.36
6/21/23 6:00,2037.15
6/21/23 7:00,2077.95
6/21/23 8:00,1809.68
6/21/23 9:00,1810.53
6/21/23 10:00,2118.35
6/21/23 11:00,2221.35
6/21/23 12:00,2190.6
6/21/23 13:00,2441.53
6/21/23 14:00,2401.83
6/21/23 15:00,2392.13
6/21/23 16:00,2294.83
6/21/23 17:00,2281.97
6/21/23 18:00,2228.13
6/21/23 19:00,2295.25
6/21/23 20:00,2229.44
6/21/23 21:00,1943.35
6/21/23 22:00,1904.89
6/21/23 23:00,1857.68
6/22/23 0:00,1974.72
6/22/23 1:00,1916.86
6/22/23 2:00,1864.31
6/22/23 3:00,2264.98
6/22/23 4:00,2073.79
6/22/23 5:00,1914.64
6/22/23 6:00,2108.47
6/22/23 7:00,2199.36
6/22/23 8:00,1850.85
6/22/23 9:00,1770.54
6/22/23 10:00,2167.38
6/22/23 11:00,2504.91
6/22/23 12:00,2352.14
6/22/23 13:00,2451.37
6/22/23 14:00,2383.71
6/22/23 15:00,2375.96
6/22/23 16:00,2252.7
6/22/23 17:00,2334.37
6/22/23 18:00,2257.44
6/22/23 19:00,2265.19
6/22/23 20:00,2240.5
6/22/23 21:00,2049.43
6/22/23 22:00,1922.66
6/22/23 23:00,1853.57
6/23/23 0:00,1921.99
6/23/23 1:00,1910.17
6/23/23 2:00,1926.14
6/23/23 3:00,1948.61
6/23/23 4:00,1768.22
6/23/23 5:00,1844.64
6/23/23 6:00,2138.02
6/23/23 7:00,2225.74
6/23/23 8:00,1888.2
6/23/23 9:00,1779.42
6/23/23 10:00,2278.98
6/23/23 11:00,2551.98
6/23/23 12:00,2282.78
6/23/23 13:00,2375.2
6/23/23 14:00,2394.53
6/23/23 15:00,2352.88
6/23/23 16:00,2259.42
6/23/23 17:00,2184.79
6/23/23 18:00,2241.88
6/23/23 19:00,2213.92
6/23/23 20:00,2127.32
6/23/23 21:00,1931
6/23/23 22:00,1770.98
6/23/23 23:00,1775.3
6/24/23 0:00,1824.1
6/24/23 1:00,2027.62
6/24/23 2:00,2033.58
6/24/23 3:00,2054.71
6/24/23 4:00,2256.84
6/24/23 5:00,1570.92
6/24/23 6:00,1395.59
6/24/23 7:00,2012.63
6/24/23 8:00,1636.03
6/24/23 9:00,1658.19
6/24/23 10:00,1985.36
6/24/23 11:00,2234.6
6/24/23 12:00,1993.16
6/24/23 13:00,1875.15
6/24/23 14:00,1935.77
6/24/23 15:00,1799.89
6/24/23 16:00,1747.1
6/24/23 17:00,1685.01
6/24/23 18:00,1591.85
6/24/23 19:00,1712.87
6/24/23 20:00,1691.56
6/24/23 21:00,1525.65
6/24/23 22:00,1547.48
6/24/23 23:00,1551.39
6/25/23 0:00,1626.88
6/25/23 1:00,1589.24
6/25/23 2:00,1650.19
6/25/23 3:00,1741.37
6/25/23 4:00,2071.28
6/25/23 5:00,2139.31
6/25/23 6:00,1999.15
6/25/23 7:00,2117.12
6/25/23 8:00,1765.18
6/25/23 9:00,1711.63
6/25/23 10:00,1727.19
6/25/23 11:00,1787.28
6/25/23 12:00,1800.16
6/25/23 13:00,1796.25
6/25/23 14:00,1749.04
6/25/23 15:00,1583.06
6/25/23 16:00,1639.18
6/25/23 17:00,1471.28
6/25/23 18:00,1486.54
6/25/23 19:00,1545.29
6/25/23 20:00,1542.3
6/25/23 21:00,1584.98
6/25/23 22:00,1680.14
6/25/23 23:00,1735.83
6/26/23 0:00,1958.88
6/26/23 1:00,1875.59
6/26/23 2:00,1725.71
6/26/23 3:00,2141.39
6/26/23 4:00,2265.8
6/26/23 5:00,2118.25
6/26/23 6:00,1955.06
6/26/23 7:00,2047.15
6/26/23 8:00,1782.92
6/26/23 9:00,1759.2
6/26/23 10:00,2064.88
6/26/23 11:00,2285.44
6/26/23 12:00,2311.32
6/26/23 13:00,2445.95
6/26/23 14:00,2434.42
6/26/23 15:00,2427.82
6/26/23 16:00,2277.01
6/26/23 17:00,2271.14
6/26/23 18:00,2289.6
6/26/23 19:00,2258.12
6/26/23 20:00,2156.49
6/26/23 21:00,1911.61
6/26/23 22:00,1836.1
6/26/23 23:00,1870.41
6/27/23 0:00,1914.8
6/27/23 1:00,1896.49
6/27/23 2:00,1850.12
6/27/23 3:00,2157.48
6/27/23 4:00,2209.06
6/27/23 5:00,2149.75
6/27/23 6:00,2050.05
6/27/23 7:00,2165.17
6/27/23 8:00,2251.69
6/27/23 9:00,1973.24
6/27/23 10:00,2029.72
6/27/23 11:00,2248.88
6/27/23 12:00,2222.77
6/27/23 13:00,2441.21
6/27/23 14:00,2440.6
6/27/23 15:00,2427.38
6/27/23 16:00,2367.35
6/27/23 17:00,2348.44
6/27/23 18:00,2325.04
6/27/23 19:00,2306.87
6/27/23 20:00,2252.86
6/27/23 21:00,1929.07
6/27/23 22:00,1947.92
6/27/23 23:00,1910.6
6/28/23 0:00,1971.81
6/28/23 1:00,1876.15
6/28/23 2:00,1841.35
6/28/23 3:00,2139.21
6/28/23 4:00,1980.03
6/28/23 5:00,1808.02
6/28/23 6:00,2104.04
6/28/23 7:00,2059.62
6/28/23 8:00,1821.97
6/28/23 9:00,1639.99
6/28/23 10:00,1848.88
6/28/23 11:00,2405.92
6/28/23 12:00,2397.26
6/28/23 13:00,2511.67
6/28/23 14:00,2405.06
6/28/23 15:00,2355.58
6/28/23 16:00,2227.77
6/28/23 17:00,2289.24
6/28/23 18:00,2295.13
6/28/23 19:00,2377.03
6/28/23 20:00,2292.12
6/28/23 21:00,1986.85
6/28/23 22:00,1931.04
6/28/23 23:00,1862.96
6/29/23 0:00,1917.55
6/29/23 1:00,1859.71
6/29/23 2:00,1854.46
6/29/23 3:00,2289.31
6/29/23 4:00,2076.42
6/29/23 5:00,1875.36
6/29/23 6:00,1987.6
6/29/23 7:00,2123.51
6/29/23 8:00,1905.1
6/29/23 9:00,1895.67
6/29/23 10:00,2092.51
6/29/23 11:00,2185.14
6/29/23 12:00,2247.93
6/29/23 13:00,2473.27
6/29/23 14:00,2472.36
6/29/23 15:00,2383.9
6/29/23 16:00,2286.52
6/29/23 17:00,2341.47
6/29/23 18:00,2378.25
6/29/23 19:00,2301.73
6/29/23 20:00,2201.69
6/29/23 21:00,1896.65
6/29/23 22:00,1881.58
6/29/23 23:00,1826.36
6/30/23 0:00,1943.87
6/30/23 1:00,1841.43
6/30/23 2:00,1869.08
6/30/23 3:00,2050.34
6/30/23 4:00,1959.99
6/30/23 5:00,1758.86
6/30/23 6:00,2043.9
6/30/23 7:00,2153.78
6/30/23 8:00,1897.51
6/30/23 9:00,1735
6/30/23 10:00,2283.85
6/30/23 11:00,2382.18
6/30/23 12:00,2259.13
6/30/23 13:00,2360.78
6/30/23 14:00,2369.1
6/30/23 15:00,2331.42
6/30/23 16:00,2281.46
6/30/23 17:00,2261.83
6/30/23 18:00,2248.36
6/30/23 19:00,2230.82
6/30/23 20:00,2131.7
6/30/23 21:00,1944.91
6/30/23 22:00,1860.51
6/30/23 23:00,1797.77
7/1/23 0:00,1961.86
7/1/23 1:00,1852.33
7/1/23 2:00,1811.74
7/1/23 3:00,1622.88
7/1/23 4:00,1711.12
7/1/23 5:00,2233.15
7/1/23 6:00,2031.86
7/1/23 7:00,2242.94
7/1/23 8:00,1846.34
7/1/23 9:00,1605.96
7/1/23 10:00,2348.01
7/1/23 11:00,2370.84
7/1/23 12:00,2152.15
7/1/23 13:00,2242.08
7/1/23 14:00,2106.83
7/1/23 15:00,1950.66
7/1/23 16:00,2005.49
7/1/23 17:00,1964.29
7/1/23 18:00,1989.05
7/1/23 19:00,1960.87
7/1/23 20:00,1855.64
7/1/23 21:00,1597.42
7/1/23 22:00,1514.41
7/1/23 23:00,1815.4
7/2/23 0:00,1807.36
7/2/23 1:00,1874.79
7/2/23 2:00,1918.26
7/2/23 3:00,1935.35
7/2/23 4:00,2147.52
7/2/23 5:00,2431.47
7/2/23 6:00,2407.86
7/2/23 7:00,2300.25
7/2/23 8:00,1605.38
7/2/23 9:00,1292.08
7/2/23 10:00,2295.67
7/2/23 11:00,2089.59
7/2/23 12:00,1742.99
7/2/23 13:00,1915.73
7/2/23 14:00,1789.89
7/2/23 15:00,1904.56
7/2/23 16:00,1792.91
7/2/23 17:00,1735.84
7/2/23 18:00,1841.36
7/2/23 19:00,1711.15
7/2/23 20:00,1709.83
7/2/23 21:00,1730.2
7/2/23 22:00,1775.4
7/2/23 23:00,1897.2
7/3/23 0:00,1934.66
7/3/23 1:00,1830.91
7/3/23 2:00,1531.03
7/3/23 3:00,1931.97
7/3/23 4:00,2217.3
7/3/23 5:00,2216.47
7/3/23 6:00,2097.98
7/3/23 7:00,2155.35
7/3/23 8:00,1875.63
7/3/23 9:00,1617.7
7/3/23 10:00,2341.05
7/3/23 11:00,2353.46
7/3/23 12:00,2323.83
7/3/23 13:00,2429.46
7/3/23 14:00,2255.08
7/3/23 15:00,2170.84
7/3/23 16:00,2123.94
7/3/23 17:00,2054.62
7/3/23 18:00,2077.59
7/3/23 19:00,2081.69
7/3/23 20:00,2013.87
7/3/23 21:00,1828.03
7/3/23 22:00,1730.02
7/3/23 23:00,1685.99
7/4/23 0:00,1710.84
7/4/23 1:00,1628.63
7/4/23 2:00,1608.8
7/4/23 3:00,1691.38
7/4/23 4:00,1829.09
7/4/23 5:00,2058.64
7/4/23 6:00,1898.85
7/4/23 7:00,2150.37
7/4/23 8:00,1833.69
7/4/23 9:00,1575.37
7/4/23 10:00,1878.1
7/4/23 11:00,2042.06
7/4/23 12:00,2147.61
7/4/23 13:00,2177.95
7/4/23 14:00,2180.46
7/4/23 15:00,2045.32
7/4/23 16:00,1916.08
7/4/23 17:00,1855.99
7/4/23 18:00,1933.5
7/4/23 19:00,1930.73
7/4/23 20:00,1998.98
7/4/23 21:00,1840.51
7/4/23 22:00,1792.3
7/4/23 23:00,1911.88
7/5/23 0:00,1976.95
7/5/23 1:00,1998.06
7/5/23 2:00,2175.55
7/5/23 3:00,1983.93
7/5/23 4:00,2124.86
7/5/23 5:00,2054.49
7/5/23 6:00,2007.42
7/5/23 7:00,2046.26
7/5/23 8:00,1679.03
7/5/23 9:00,1599.95
7/5/23 10:00,2370.54
7/5/23 11:00,2493.25
7/5/23 12:00,2348.09
7/5/23 13:00,2359.24
7/5/23 14:00,2439.88
7/5/23 15:00,2411.81
7/5/23 16:00,2298.79
7/5/23 17:00,2260.68
7/5/23 18:00,2239.18
7/5/23 19:00,2224.49
7/5/23 20:00,2131.34
7/5/23 21:00,1871.28
7/5/23 22:00,1867.45
7/5/23 23:00,1810.44
7/6/23 0:00,1864.85
7/6/23 1:00,1785.61
7/6/23 2:00,1657.86
7/6/23 3:00,1591.94
7/6/23 4:00,1670.04
7/6/23 5:00,1666.83
7/6/23 6:00,2062.65
7/6/23 7:00,2104.64
7/6/23 8:00,1867.1
7/6/23 9:00,1958.79
7/6/23 10:00,2281.25
7/6/23 11:00,2399.92
7/6/23 12:00,2101.77
7/6/23 13:00,2329.94
7/6/23 14:00,2339.03
7/6/23 15:00,2355.25
7/6/23 16:00,2263.64
7/6/23 17:00,2193.98
7/6/23 18:00,2291.35
7/6/23 19:00,2192.42
7/6/23 20:00,2235.4
7/6/23 21:00,2113.22
7/6/23 22:00,1905.05
7/6/23 23:00,1768.63
7/7/23 0:00,1899.96
7/7/23 1:00,1846.42
7/7/23 2:00,1827.86
7/7/23 3:00,1922.63
7/7/23 4:00,1877.48
7/7/23 5:00,2054.35
7/7/23 6:00,2262.67
7/7/23 7:00,2231.43
7/7/23 8:00,1882.16
7/7/23 9:00,1539.35
7/7/23 10:00,2235.09
7/7/23 11:00,2345.17
7/7/23 12:00,2245.48
7/7/23 13:00,2294.93
7/7/23 14:00,2327.38
7/7/23 15:00,2346.51
7/7/23 16:00,2161.46
7/7/23 17:00,2109.43
7/7/23 18:00,2079.76
7/7/23 19:00,2019.63
7/7/23 20:00,1962.55
7/7/23 21:00,1837.1
7/7/23 22:00,1669.99
7/7/23 23:00,1707.4
7/8/23 0:00,1828.23
7/8/23 1:00,1723.87
7/8/23 2:00,1688.64
7/8/23 3:00,1819.84
7/8/23 4:00,1869.74
7/8/23 5:00,1822.73
7/8/23 6:00,2067.41
7/8/23 7:00,2282.87
7/8/23 8:00,1858.43
7/8/23 9:00,1372.12
7/8/23 10:00,2218.51
7/8/23 11:00,2487.03
7/8/23 12:00,2133.43
7/8/23 13:00,2070.79
7/8/23 14:00,1894.7
7/8/23 15:00,1787.69
7/8/23 16:00,1795.35
7/8/23 17:00,1691.09
7/8/23 18:00,1612.95
7/8/23 19:00,1679.93
7/8/23 20:00,1709.07
7/8/23 21:00,1400.45
7/8/23 22:00,1513.32
7/8/23 23:00,1570.58
7/9/23 0:00,1600.12
7/9/23 1:00,1701.82
7/9/23 2:00,1807.38
7/9/23 3:00,2063.27
7/9/23 4:00,2408.73
7/9/23 5:00,2342.09
7/9/23 6:00,2182.47
7/9/23 7:00,2342.64
7/9/23 8:00,1520.24
7/9/23 9:00,1359.48
7/9/23 10:00,2418.9
7/9/23 11:00,2393.74
7/9/23 12:00,2003.18
7/9/23 13:00,2070.57
7/9/23 14:00,1965.49
7/9/23 15:00,1698.54
7/9/23 16:00,1793.23
7/9/23 17:00,1627.78
7/9/23 18:00,1576.28
7/9/23 19:00,1623.73
7/9/23 20:00,1582.77
7/9/23 21:00,1707.51
7/9/23 22:00,1673.04
7/9/23 23:00,1791.56
7/10/23 0:00,1910.62
7/10/23 1:00,1797.12
7/10/23 2:00,1723.61
7/10/23 3:00,2166.85
7/10/23 4:00,2132.21
7/10/23 5:00,2115.06
7/10/23 6:00,2022.34
7/10/23 7:00,2176.83
7/10/23 8:00,1640.36
7/10/23 9:00,1552.3
7/10/23 10:00,2377.7
7/10/23 11:00,2463.43
7/10/23 12:00,2377.98
7/10/23 13:00,2485.19
7/10/23 14:00,2442.68
7/10/23 15:00,2446.78
7/10/23 16:00,2269.48
7/10/23 17:00,2216.72
7/10/23 18:00,2201.54
7/10/23 19:00,2132.87
7/10/23 20:00,2182.18
7/10/23 21:00,1914.13
7/10/23 22:00,1853.05
7/10/23 23:00,1825.16
7/11/23 0:00,1920.39
7/11/23 1:00,1940.64
7/11/23 2:00,2015.28
7/11/23 3:00,2094.62
7/11/23 4:00,2453.46
7/11/23 5:00,2090.17
7/11/23 6:00,2077.77
7/11/23 7:00,2128.12
7/11/23 8:00,1890.3
7/11/23 9:00,1580.98
7/11/23 10:00,2196.17
7/11/23 11:00,2258.97
7/11/23 12:00,2266.23
7/11/23 13:00,2400.51
7/11/23 14:00,2400.05
7/11/23 15:00,2383.27
7/11/23 16:00,2234.24
7/11/23 17:00,2200.9
7/11/23 18:00,2240.35
7/11/23 19:00,2191.49
7/11/23 20:00,2130.47
7/11/23 21:00,1898.19
7/11/23 22:00,1747.77
7/11/23 23:00,1758.03
7/12/23 0:00,1813.95
7/12/23 1:00,1815.84
7/12/23 2:00,1616.1
7/12/23 3:00,1806.66
7/12/23 4:00,1694.43
7/12/23 5:00,1800.33
7/12/23 6:00,2007.45
7/12/23 7:00,2136.58
7/12/23 8:00,1773.84
7/12/23 9:00,1581.12
7/12/23 10:00,2139.32
7/12/23 11:00,2274.16
7/12/23 12:00,2160.68
7/12/23 13:00,2352.46
7/12/23 14:00,2431.09
7/12/23 15:00,2353.53
7/12/23 16:00,2381.69
7/12/23 17:00,2250.52
7/12/23 18:00,2163.71
7/12/23 19:00,2139.17
7/12/23 20:00,2094.73
7/12/23 21:00,1920.24
7/12/23 22:00,1877.43
7/12/23 23:00,1826.75
7/13/23 0:00,1913.98
7/13/23 1:00,1902.38
7/13/23 2:00,1896.62
7/13/23 3:00,2026.71
7/13/23 4:00,1873.79
7/13/23 5:00,2063.79
7/13/23 6:00,2258.14
7/13/23 7:00,2302.46
7/13/23 8:00,1844.34
7/13/23 9:00,1678.63
7/13/23 10:00,2410.34
7/13/23 11:00,2424.41
7/13/23 12:00,2321.41
7/13/23 13:00,2508.3
7/13/23 14:00,2397.99
7/13/23 15:00,2385
7/13/23 16:00,2372.6
7/13/23 17:00,2253.76
7/13/23 18:00,2240.39
7/13/23 19:00,2240.03
7/13/23 20:00,2224.23
7/13/23 21:00,1937.71
7/13/23 22:00,1884.27
7/13/23 23:00,1881.27
7/14/23 0:00,1985.83
7/14/23 1:00,1939
7/14/23 2:00,1914.72
7/14/23 3:00,2136.31
7/14/23 4:00,1939.97
7/14/23 5:00,2099.86
7/14/23 6:00,2014.54
7/14/23 7:00,1984.01
7/14/23 8:00,1709.6
7/14/23 9:00,1642.68
7/14/23 10:00,2124.35
7/14/23 11:00,2241.87
7/14/23 12:00,2157.73
7/14/23 13:00,2218.3
7/14/23 14:00,2228.99
7/14/23 15:00,2206.4
7/14/23 16:00,2161.7
7/14/23 17:00,2175.46
7/14/23 18:00,2179.95
7/14/23 19:00,2128.2
7/14/23 20:00,2057.57
7/14/23 21:00,1871.75
7/14/23 22:00,1719.26
7/14/23 23:00,1705.98
7/15/23 0:00,1731.46
7/15/23 1:00,1692.5
7/15/23 2:00,1689.67
7/15/23 3:00,1777.04
7/15/23 4:00,1730.16
7/15/23 5:00,1660.81
7/15/23 6:00,1790.84
7/15/23 7:00,1870.07
7/15/23 8:00,1408.91
7/15/23 9:00,1283.43
7/15/23 10:00,2168.68
7/15/23 11:00,2252.98
7/15/23 12:00,2036
7/15/23 13:00,2133.98
7/15/23 14:00,1958.46
7/15/23 15:00,1869.97
7/15/23 16:00,1986.21
7/15/23 17:00,1807.4
7/15/23 18:00,1702.9
7/15/23 19:00,1735.68
7/15/23 20:00,1773.21
7/15/23 21:00,1380.67
7/15/23 22:00,1558.64
7/15/23 23:00,1623.38
7/16/23 0:00,1736.05
7/16/23 1:00,1814.7
7/16/23 2:00,1854.55
7/16/23 3:00,1854.35
7/16/23 4:00,2178.29
7/16/23 5:00,2272.38
7/16/23 6:00,1979.62
7/16/23 7:00,2190.63
7/16/23 8:00,1423.57
7/16/23 9:00,1324.64
7/16/23 10:00,2342.79
7/16/23 11:00,2131.23
7/16/23 12:00,1799.52
7/16/23 13:00,1761.15
7/16/23 14:00,1673.03
7/16/23 15:00,1591.37
7/16/23 16:00,1646.82
7/16/23 17:00,1596.21
7/16/23 18:00,1513.26
7/16/23 19:00,1588.22
7/16/23 20:00,1620.23
7/16/23 21:00,1487.24
7/16/23 22:00,1627.02
7/16/23 23:00,1774.81
7/17/23 0:00,1794.97
7/17/23 1:00,1730.29
7/17/23 2:00,1611.66
7/17/23 3:00,2161.88
7/17/23 4:00,2457.29
7/17/23 5:00,2130.3
7/17/23 6:00,2031.31
7/17/23 7:00,2079.63
7/17/23 8:00,1548.12
7/17/23 9:00,1473.54
7/17/23 10:00,2151.71
7/17/23 11:00,2365.4
7/17/23 12:00,2216.36
7/17/23 13:00,2340.11
7/17/23 14:00,2330.55
7/17/23 15:00,2213.15
7/17/23 16:00,2070.53
7/17/23 17:00,2101.18
7/17/23 18:00,2047.17
7/17/23 19:00,2138.07
7/17/23 20:00,2052.98
7/17/23 21:00,1820.73
7/17/23 22:00,1774.13
7/17/23 23:00,1792.87
7/18/23 0:00,1800.61
7/18/23 1:00,1753.56
7/18/23 2:00,1822.58
7/18/23 3:00,2079
7/18/23 4:00,2049.44
7/18/23 5:00,2045.01
7/18/23 6:00,1979.65
7/18/23 7:00,2011.04
7/18/23 8:00,1601.54
7/18/23 9:00,1583.41
7/18/23 10:00,2041.47
7/18/23 11:00,2192.06
7/18/23 12:00,2190.19
7/18/23 13:00,2313.2
7/18/23 14:00,2198.4
7/18/23 15:00,2181.04
7/18/23 16:00,2067.92
7/18/23 17:00,2111.81
7/18/23 18:00,2129.48
7/18/23 19:00,2160.31
7/18/23 20:00,2054.34
7/18/23 21:00,1882.85
7/18/23 22:00,1807.56
7/18/23 23:00,1781.49
7/19/23 0:00,1827.37
7/19/23 1:00,1795.05
7/19/23 2:00,1720.63
7/19/23 3:00,1906.67
7/19/23 4:00,1765.35
7/19/23 5:00,1639.68
7/19/23 6:00,1769.14
7/19/23 7:00,1994.21
7/19/23 8:00,1690.75
7/19/23 9:00,1553.88
7/19/23 10:00,2069.66
7/19/23 11:00,2174.54
7/19/23 12:00,2087.2
7/19/23 13:00,2266.15
7/19/23 14:00,2256.1
7/19/23 15:00,2211.07
7/19/23 16:00,2132.65
7/19/23 17:00,2079.63
7/19/23 18:00,2133.52
7/19/23 19:00,2184.83
7/19/23 20:00,2092.47
7/19/23 21:00,1869.7
7/19/23 22:00,1805.3
7/19/23 23:00,1740.52
7/20/23 0:00,1824.91
7/20/23 1:00,1767.28
7/20/23 2:00,1828.01
7/20/23 3:00,2056.39
7/20/23 4:00,1974.48
7/20/23 5:00,1743.83
7/20/23 6:00,2000.46
7/20/23 7:00,2069.41
7/20/23 8:00,1783.57
7/20/23 9:00,1688.09
7/20/23 10:00,1879.63
7/20/23 11:00,2270.1
7/20/23 12:00,2246.83
7/20/23 13:00,2335.31
7/20/23 14:00,2253.31
7/20/23 15:00,2230.04
7/20/23 16:00,2106.83
7/20/23 17:00,2119.41
7/20/23 18:00,2163.39
7/20/23 19:00,2152.19
7/20/23 20:00,2048.1
7/20/23 21:00,1849.63
7/20/23 22:00,1788.15
7/20/23 23:00,1753.14
7/21/23 0:00,1871.39
7/21/23 1:00,1821.96
7/21/23 2:00,1816.4
7/21/23 3:00,2052.61
7/21/23 4:00,1948.83
7/21/23 5:00,1801.22
7/21/23 6:00,1985.16
7/21/23 7:00,2055.38
7/21/23 8:00,1742.33
7/21/23 9:00,1686.43
7/21/23 10:00,2041.75
7/21/23 11:00,2295.3
7/21/23 12:00,2204.47
7/21/23 13:00,2211.88
7/21/23 14:00,2184.46
7/21/23 15:00,2107.97
7/21/23 16:00,2079.52
7/21/23 17:00,2070.06
7/21/23 18:00,2099.71
7/21/23 19:00,2052.86
7/21/23 20:00,1962.25
7/21/23 21:00,1833.18
7/21/23 22:00,1727.39
7/21/23 23:00,1695.45
7/22/23 0:00,1757.65
7/22/23 1:00,1818.94
7/22/23 2:00,1592.96
7/22/23 3:00,1688.09
7/22/23 4:00,1904.55
7/22/23 5:00,2141.17
7/22/23 6:00,1656.13
7/22/23 7:00,1954.37
7/22/23 8:00,1528.83
7/22/23 9:00,1480.05
7/22/23 10:00,2125.34
7/22/23 11:00,2180.25
7/22/23 12:00,1947.11
7/22/23 13:00,2000.17
7/22/23 14:00,1957.7
7/22/23 15:00,1765.13
7/22/23 16:00,1817.82
7/22/23 17:00,1746.58
7/22/23 18:00,1711.2
7/22/23 19:00,1724.84
7/22/23 20:00,1670.01
7/22/23 21:00,1390.16
7/22/23 22:00,1512.08
7/22/23 23:00,1603.63
7/23/23 0:00,1573.89
7/23/23 1:00,1766.33
7/23/23 2:00,1719.38
7/23/23 3:00,1729.92
7/23/23 4:00,2069.13
7/23/23 5:00,2117.34
7/23/23 6:00,1933.95
7/23/23 7:00,2144.48
7/23/23 8:00,1589.87
7/23/23 9:00,1373.93
7/23/23 10:00,2452.91
7/23/23 11:00,2210.25
7/23/23 12:00,1874.93
7/23/23 13:00,1893.82
7/23/23 14:00,1827.23
7/23/23 15:00,1679.69
7/23/23 16:00,1694.88
7/23/23 17:00,1683.4
7/23/23 18:00,1598.02
7/23/23 19:00,1646.55
7/23/23 20:00,1668.56
7/23/23 21:00,1609.15
7/23/23 22:00,1733.29
7/23/23 23:00,1791.26
7/24/23 0:00,1875.29
7/24/23 1:00,1931.68
7/24/23 2:00,1961.43
7/24/23 3:00,1985.93
7/24/23 4:00,2425.54
7/24/23 5:00,2020.2
7/24/23 6:00,1838.46
7/24/23 7:00,1848.61
7/24/23 8:00,1669.11
7/24/23 9:00,1610.5
7/24/23 10:00,2191.53
7/24/23 11:00,2459.2
7/24/23 12:00,2188.82
7/24/23 13:00,2339.55
7/24/23 14:00,2288
7/24/23 15:00,2223.07
7/24/23 16:00,2102.05
7/24/23 17:00,2098.14
7/24/23 18:00,2101.03
7/24/23 19:00,2092.88
7/24/23 20:00,2067.2
7/24/23 21:00,1737.8
7/24/23 22:00,1709.34
7/24/23 23:00,1755.85
7/25/23 0:00,1833.61
7/25/23 1:00,1868.11
7/25/23 2:00,1803.08
7/25/23 3:00,2021.07
7/25/23 4:00,1981.67
7/25/23 5:00,1933.68
7/25/23 6:00,1884.97
7/25/23 7:00,1943.85
7/25/23 8:00,1645.51
7/25/23 9:00,1658.14
7/25/23 10:00,1787.94
7/25/23 11:00,2191.23
7/25/23 12:00,2077.03
7/25/23 13:00,2096.97
7/25/23 14:00,2156.51
7/25/23 15:00,2197.73
7/25/23 16:00,2044.88
7/25/23 17:00,2103.1
7/25/23 18:00,2204.48
7/25/23 19:00,2126.58
7/25/23 20:00,2045.27
7/25/23 21:00,1875.33
7/25/23 22:00,1740.15
7/25/23 23:00,1662.95
7/26/23 0:00,1777.85
7/26/23 1:00,1868.99
7/26/23 2:00,1743.14
7/26/23 3:00,1848.05
7/26/23 4:00,1767.79
7/26/23 5:00,1667.75
7/26/23 6:00,1814.9
7/26/23 7:00,2107.5
7/26/23 8:00,1951.71
7/26/23 9:00,1907.41
7/26/23 10:00,2110.37
7/26/23 11:00,2213.54
7/26/23 12:00,2127.06
7/26/23 13:00,2188.86
7/26/23 14:00,2235.75
7/26/23 15:00,2152.28
7/26/23 16:00,2146.96
7/26/23 17:00,2166.61
7/26/23 18:00,2185.74
7/26/23 19:00,2177.97
7/26/23 20:00,2064.96
7/26/23 21:00,1860.95
7/26/23 22:00,1818.03
7/26/23 23:00,1786.51
7/27/23 0:00,1857.64
7/27/23 1:00,1881.03
7/27/23 2:00,1920.26
7/27/23 3:00,2173.9
7/27/23 4:00,2268.84
7/27/23 5:00,1758.67
7/27/23 6:00,1674.23
7/27/23 7:00,2085.29
7/27/23 8:00,1712.83
7/27/23 9:00,1579.74
7/27/23 10:00,2341.13
7/27/23 11:00,2317.68
7/27/23 12:00,2214.53
7/27/23 13:00,2225.23
7/27/23 14:00,2253.56
7/27/23 15:00,2207.26
7/27/23 16:00,2172.95
7/27/23 17:00,2108.93
7/27/23 18:00,2085.66
7/27/23 19:00,2061.44
7/27/23 20:00,2051.2
7/27/23 21:00,1890.12
7/27/23 22:00,1770.88
7/27/23 23:00,1729.51
7/28/23 0:00,1834.11
7/28/23 1:00,1852.46
7/28/23 2:00,1870.68
7/28/23 3:00,2036.56
7/28/23 4:00,1917.2
7/28/23 5:00,1767.22
7/28/23 6:00,1913.17
7/28/23 7:00,2194.12
7/28/23 8:00,1914.68
7/28/23 9:00,1911.69
7/28/23 10:00,2024.61
7/28/23 11:00,2321.76
7/28/23 12:00,2205.55
7/28/23 13:00,2185.33
7/28/23 14:00,2185.7
7/28/23 15:00,2159.39
7/28/23 16:00,2114.14
7/28/23 17:00,2091.18
7/28/23 18:00,2089.51
7/28/23 19:00,2100
7/28/23 20:00,2000.46
7/28/23 21:00,1821.41
7/28/23 22:00,1749.87
7/28/23 23:00,1772.35
7/29/23 0:00,1799.92
7/29/23 1:00,1795.96
7/29/23 2:00,1879.35
7/29/23 3:00,2072.74
7/29/23 4:00,1683.93
7/29/23 5:00,1483.13
7/29/23 6:00,1684.65
7/29/23 7:00,2038.09
7/29/23 8:00,1621.73
7/29/23 9:00,1485.88
7/29/23 10:00,2101.73
7/29/23 11:00,2168.59
7/29/23 12:00,1998.86
7/29/23 13:00,1956.55
7/29/23 14:00,1909.2
7/29/23 15:00,1785.86
7/29/23 16:00,1800.54
7/29/23 17:00,1702.88
7/29/23 18:00,1683.21
7/29/23 19:00,1705.73
7/29/23 20:00,1659.97
7/29/23 21:00,1383.6
7/29/23 22:00,1599.8
7/29/23 23:00,1556.26
7/30/23 0:00,1550.34
7/30/23 1:00,1733.78
7/30/23 2:00,1684.88
7/30/23 3:00,1716.72
7/30/23 4:00,2050.2
7/30/23 5:00,2416.32
7/30/23 6:00,2032.84
7/30/23 7:00,2084.73
7/30/23 8:00,1925.82
7/30/23 9:00,1795.03
7/30/23 10:00,2176.22
7/30/23 11:00,1773.7
7/30/23 12:00,1414.21
7/30/23 13:00,1643.61
7/30/23 14:00,1762.53
7/30/23 15:00,1600.04
7/30/23 16:00,1684.48
7/30/23 17:00,1533.78
7/30/23 18:00,1520.43
7/30/23 19:00,1603.58
7/30/23 20:00,1616.58
7/30/23 21:00,1534.61
7/30/23 22:00,1592.37
7/30/23 23:00,1677.13
7/31/23 0:00,1746.3
7/31/23 1:00,1942.76
7/31/23 2:00,1503.07
7/31/23 3:00,1832.01
7/31/23 4:00,2029.65
7/31/23 5:00,1954.24
7/31/23 6:00,1915.95
7/31/23 7:00,1861.31
7/31/23 8:00,1569.09
7/31/23 9:00,1693.56
7/31/23 10:00,2085.88
7/31/23 11:00,2452.68
7/31/23 12:00,2219.3
7/31/23 13:00,2250.83
7/31/23 14:00,2298.58
7/31/23 15:00,2343.25
7/31/23 16:00,2326.24
7/31/23 17:00,2164.92
7/31/23 18:00,2181.23
7/31/23 19:00,2164.32
7/31/23 20:00,2165.65
7/31/23 21:00,1932.35
7/31/23 22:00,1810
7/31/23 23:00,1776.74
8/1/23 0:00,1912.68
8/1/23 1:00,1879.93
8/1/23 2:00,1921.71
8/1/23 3:00,1994.19
8/1/23 4:00,1748.61
8/1/23 5:00,1783.53
8/1/23 6:00,1841
8/1/23 7:00,2061.98
8/1/23 8:00,1770.49
8/1/23 9:00,1964.78
8/1/23 10:00,2315.47
8/1/23 11:00,2174.36
8/1/23 12:00,2057.12
8/1/23 13:00,2215.31
8/1/23 14:00,2331.51
8/1/23 15:00,2309.18
8/1/23 16:00,2061.66
8/1/23 17:00,2202.9
8/1/23 18:00,2177.32
8/1/23 19:00,2210.94
8/1/23 20:00,2201.09
8/1/23 21:00,1878.35
8/1/23 22:00,1819.52
8/1/23 23:00,1783.97
8/2/23 0:00,1791.17
8/2/23 1:00,1809.7
8/2/23 2:00,1824.29
8/2/23 3:00,2240.22
8/2/23 4:00,2066.61
8/2/23 5:00,1713.09
8/2/23 6:00,1930.33
8/2/23 7:00,2077.04
8/2/23 8:00,1720.45
8/2/23 9:00,1777.51
8/2/23 10:00,1993.8
8/2/23 11:00,2123.87
8/2/23 12:00,2037.26
8/2/23 13:00,2203.16
8/2/23 14:00,2291.64
8/2/23 15:00,2194.21
8/2/23 16:00,2213.41
8/2/23 17:00,2102.15
8/2/23 18:00,2106.4
8/2/23 19:00,2170.4
8/2/23 20:00,2073.63
8/2/23 21:00,1845.67
8/2/23 22:00,1717.17
8/2/23 23:00,1621.08
8/3/23 0:00,1680.54
8/3/23 1:00,1646.64
8/3/23 2:00,1691.91
8/3/23 3:00,1947.4
8/3/23 4:00,1532.46
8/3/23 5:00,1742.24
8/3/23 6:00,1946.46
8/3/23 7:00,2112.13
8/3/23 8:00,1832.92
8/3/23 9:00,1816.44
8/3/23 10:00,1994.72
8/3/23 11:00,2323.18
8/3/23 12:00,2224.77
8/3/23 13:00,2201.7
8/3/23 14:00,2304.63
8/3/23 15:00,2179.66
8/3/23 16:00,2117.75
8/3/23 17:00,2120.22
8/3/23 18:00,2093.13
8/3/23 19:00,2120.48
8/3/23 20:00,2047.46
8/3/23 21:00,1873.96
8/3/23 22:00,1770.99
8/3/23 23:00,1675.71
8/4/23 0:00,1737.44
8/4/23 1:00,1759.77
8/4/23 2:00,1943.61
8/4/23 3:00,2163.39
8/4/23 4:00,2069.71
8/4/23 5:00,1799.25
8/4/23 6:00,2112.82
8/4/23 7:00,2185.58
8/4/23 8:00,2086.39
8/4/23 9:00,1637.07
8/4/23 10:00,2299.68
8/4/23 11:00,2371.2
8/4/23 12:00,2313.31
8/4/23 13:00,2279.87
8/4/23 14:00,2352.47
8/4/23 15:00,2318.99
8/4/23 16:00,2130.98
8/4/23 17:00,2134.67
8/4/23 18:00,2174.67
8/4/23 19:00,2141.38
8/4/23 20:00,2021.72
8/4/23 21:00,1892.27
8/4/23 22:00,1763.71
8/4/23 23:00,1769.22
8/5/23 0:00,1771.14
8/5/23 1:00,1678.77
8/5/23 2:00,1628.45
8/5/23 3:00,1764.03
8/5/23 4:00,1491.23
8/5/23 5:00,1701.91
8/5/23 6:00,1924.42
8/5/23 7:00,1933.49
8/5/23 8:00,1646.6
8/5/23 9:00,1392.74
8/5/23 10:00,1961.73
8/5/23 11:00,1975.66
8/5/23 12:00,1903.65
8/5/23 13:00,1962.25
8/5/23 14:00,1940.12
8/5/23 15:00,1812.64
8/5/23 16:00,1826.1
8/5/23 17:00,1755.68
8/5/23 18:00,1733.84
8/5/23 19:00,1774.64
8/5/23 20:00,1736.51
8/5/23 21:00,1392.89
8/5/23 22:00,1584.19
8/5/23 23:00,1651.75
8/6/23 0:00,1657.12
8/6/23 1:00,1849.31
8/6/23 2:00,1735.35
8/6/23 3:00,1777.05
8/6/23 4:00,2193.33
8/6/23 5:00,2261.04
8/6/23 6:00,2091.6
8/6/23 7:00,2296.41
8/6/23 8:00,1528.7
8/6/23 9:00,1497.16
8/6/23 10:00,2362.92
8/6/23 11:00,2239.2
8/6/23 12:00,1883.7
8/6/23 13:00,2009.65
8/6/23 14:00,1921.49
8/6/23 15:00,1774.79
8/6/23 16:00,1804.1
8/6/23 17:00,1618.1
8/6/23 18:00,1577.92
8/6/23 19:00,1646.46
8/6/23 20:00,1697.26
8/6/23 21:00,1630.57
8/6/23 22:00,1755.96
8/6/23 23:00,1818.51
8/7/23 0:00,1895.5
8/7/23 1:00,1846.39
8/7/23 2:00,1554.12
8/7/23 3:00,2071.93
8/7/23 4:00,2640.8
8/7/23 5:00,2109.52
8/7/23 6:00,1929.35
8/7/23 7:00,2004.64
8/7/23 8:00,1742.9
8/7/23 9:00,1616.59
8/7/23 10:00,2369.08
8/7/23 11:00,2537.93
8/7/23 12:00,2234.7
8/7/23 13:00,2230.89
8/7/23 14:00,2279.9
8/7/23 15:00,2282.83
8/7/23 16:00,2181.87
8/7/23 17:00,2173.94
8/7/23 18:00,2218.59
8/7/23 19:00,2157.2
8/7/23 20:00,2012.97
8/7/23 21:00,1865.15
8/7/23 22:00,1921.74
8/7/23 23:00,1819.95
8/8/23 0:00,1780.92
8/8/23 1:00,1715.46
8/8/23 2:00,1746.67
8/8/23 3:00,1968.66
8/8/23 4:00,2190.07
8/8/23 5:00,2021.02
8/8/23 6:00,1622.28
8/8/23 7:00,1986.75
8/8/23 8:00,1766.19
8/8/23 9:00,1642.05
8/8/23 10:00,2354.41
8/8/23 11:00,2366.28
8/8/23 12:00,2126.29
8/8/23 13:00,2266.6
8/8/23 14:00,2343.19
8/8/23 15:00,2296.47
8/8/23 16:00,2226.15
8/8/23 17:00,2180.28
8/8/23 18:00,2084.4
8/8/23 19:00,2140.48
8/8/23 20:00,2127.6
8/8/23 21:00,1892.1
8/8/23 22:00,1762.12
8/8/23 23:00,1728.78
8/9/23 0:00,1814.43
8/9/23 1:00,1782.35
8/9/23 2:00,1872.42
8/9/23 3:00,1836.85
8/9/23 4:00,1662.16
8/9/23 5:00,1776.13
8/9/23 6:00,1989.29
8/9/23 7:00,2098.81
8/9/23 8:00,1940.85
8/9/23 9:00,1628.6
8/9/23 10:00,2184.26
8/9/23 11:00,2243.79
8/9/23 12:00,2265.18
8/9/23 13:00,2315.88
8/9/23 14:00,2361.67
8/9/23 15:00,2395.42
8/9/23 16:00,2351.97
8/9/23 17:00,2266.81
8/9/23 18:00,2276.85
8/9/23 19:00,2286.3
8/9/23 20:00,2187.85
8/9/23 21:00,1937.93
8/9/23 22:00,1807.79
8/9/23 23:00,1754.6
8/10/23 0:00,1878.7
8/10/23 1:00,1878.86
8/10/23 2:00,1672.14
8/10/23 3:00,1807.17
8/10/23 4:00,1969.6
8/10/23 5:00,1690.49
8/10/23 6:00,1885.18
8/10/23 7:00,2167.11
8/10/23 8:00,1922.5
8/10/23 9:00,1561.35
8/10/23 10:00,2187.56
8/10/23 11:00,2400.24
8/10/23 12:00,2211.35
8/10/23 13:00,2258.88
8/10/23 14:00,2369.15
8/10/23 15:00,2320
8/10/23 16:00,2254.88
8/10/23 17:00,2236.02
8/10/23 18:00,2195.16
8/10/23 19:00,2206.33
8/10/23 20:00,2156.92
8/10/23 21:00,1934.36
8/10/23 22:00,1746.95
8/10/23 23:00,1687.92
8/11/23 0:00,1892.21
8/11/23 1:00,1769.45
8/11/23 2:00,1903.77
8/11/23 3:00,2171.44
8/11/23 4:00,2435.91
8/11/23 5:00,1800.57
8/11/23 6:00,1796.1
8/11/23 7:00,1955.88
8/11/23 8:00,1845.71
8/11/23 9:00,1898.79
8/11/23 10:00,2119.36
8/11/23 11:00,2072.2
8/11/23 12:00,2063.73
8/11/23 13:00,2204.26
8/11/23 14:00,2215.75
8/11/23 15:00,2201.98
8/11/23 16:00,2124.66
8/11/23 17:00,2096.12
8/11/23 18:00,2042.38
8/11/23 19:00,2054.11
8/11/23 20:00,2003.72
8/11/23 21:00,1825.43
8/11/23 22:00,1720.21
8/11/23 23:00,1696.05
8/12/23 0:00,1723.65
8/12/23 1:00,1723.31
8/12/23 2:00,1568.52
8/12/23 3:00,1783.68
8/12/23 4:00,1550.76
8/12/23 5:00,1584.16
8/12/23 6:00,2003.89
8/12/23 7:00,2088.75
8/12/23 8:00,1643.96
8/12/23 9:00,1470.97
8/12/23 10:00,1760.01
8/12/23 11:00,1943.12
8/12/23 12:00,1985.78
8/12/23 13:00,1987.95
8/12/23 14:00,1909.26
8/12/23 15:00,1783.21
8/12/23 16:00,1836.51
8/12/23 17:00,1771.22
8/12/23 18:00,1668.15
8/12/23 19:00,1692.83
8/12/23 20:00,1691.96
8/12/23 21:00,1372.69
8/12/23 22:00,1518.28
8/12/23 23:00,1590.48
8/13/23 0:00,1579.57
8/13/23 1:00,1725.24
8/13/23 2:00,1720.36
8/13/23 3:00,1690.12
8/13/23 4:00,2115.36
8/13/23 5:00,2171.64
8/13/23 6:00,2044.73
8/13/23 7:00,2280.06
8/13/23 8:00,1908.76
8/13/23 9:00,1975.94
8/13/23 10:00,2224.87
8/13/23 11:00,2159.81
8/13/23 12:00,1917.83
8/13/23 13:00,1936.83
8/13/23 14:00,1896.59
8/13/23 15:00,1830.6
8/13/23 16:00,1882.13
8/13/23 17:00,1709.5
8/13/23 18:00,1659.81
8/13/23 19:00,1719.45
8/13/23 20:00,1825.59
8/13/23 21:00,1741.42
8/13/23 22:00,1836.66
8/13/23 23:00,1990
8/14/23 0:00,1581.67
8/14/23 1:00,1829.63
8/14/23 2:00,2201.11
8/14/23 3:00,1530.35
8/14/23 4:00,2088.62
8/14/23 5:00,2090.62
8/14/23 6:00,1938.64
8/14/23 7:00,2042.62
8/14/23 8:00,1983.63
8/14/23 9:00,2083.4
8/14/23 10:00,2405.3
8/14/23 11:00,2526.87
8/14/23 12:00,2345.24
8/14/23 13:00,2216.86
8/14/23 14:00,2370.25
8/14/23 15:00,2320.22
8/14/23 16:00,2277.55
8/14/23 17:00,2255.54
8/14/23 18:00,2285.19
8/14/23 19:00,2276.9
8/14/23 20:00,2171.82
8/14/23 21:00,1878.3
8/14/23 22:00,1789.4
8/14/23 23:00,1863.44
8/15/23 0:00,1878
8/15/23 1:00,1881.86
8/15/23 2:00,1803.25
8/15/23 3:00,1967.44
8/15/23 4:00,2019.62
8/15/23 5:00,2036.94
8/15/23 6:00,1826.7
8/15/23 7:00,1995.49
8/15/23 8:00,1675.16
8/15/23 9:00,1601.34
8/15/23 10:00,2222.93
8/15/23 11:00,2229.85
8/15/23 12:00,2076.27
8/15/23 13:00,2076.68
8/15/23 14:00,2141.14
8/15/23 15:00,2236.97
8/15/23 16:00,2199.83
8/15/23 17:00,2142.47
8/15/23 18:00,2166.32
8/15/23 19:00,2089.12
8/15/23 20:00,2043.95
8/15/23 21:00,1892.16
8/15/23 22:00,1769.21
8/15/23 23:00,1805.39
8/16/23 0:00,1836.59
8/16/23 1:00,1824.24
8/16/23 2:00,1701.36
8/16/23 3:00,1719.03
8/16/23 4:00,2054.5
8/16/23 5:00,1996.75
8/16/23 6:00,1693.84
8/16/23 7:00,1915.02
8/16/23 8:00,1821.9
8/16/23 9:00,1577
8/16/23 10:00,2109.64
8/16/23 11:00,2121.72
8/16/23 12:00,2151.1
8/16/23 13:00,2320.52
8/16/23 14:00,2412.48
8/16/23 15:00,2343.31
8/16/23 16:00,2236.74
8/16/23 17:00,2272.86
8/16/23 18:00,2223.49
8/16/23 19:00,2298.06
8/16/23 20:00,2165.26
8/16/23 21:00,1896.01
8/16/23 22:00,1771.74
8/16/23 23:00,1815.05
8/17/23 0:00,1830.81
8/17/23 1:00,1885.27
8/17/23 2:00,1923.76
8/17/23 3:00,2203.33
8/17/23 4:00,2031.86
8/17/23 5:00,2148.59
8/17/23 6:00,2269.66
8/17/23 7:00,2340.69
8/17/23 8:00,2022.84
8/17/23 9:00,1736.39
8/17/23 10:00,2482.84
8/17/23 11:00,2577.67
8/17/23 12:00,2408.58
8/17/23 13:00,2363.35
8/17/23 14:00,2548.69
8/17/23 15:00,2442.25
8/17/23 16:00,2413.85
8/17/23 17:00,2373.51
8/17/23 18:00,2437.53
8/17/23 19:00,2387.43
8/17/23 20:00,2286.44
8/17/23 21:00,1991.01
8/17/23 22:00,1866.63
8/17/23 23:00,1855.03
8/18/23 0:00,1961.34
8/18/23 1:00,1943.96
8/18/23 2:00,2011.86
8/18/23 3:00,2223.88
8/18/23 4:00,1777.96
8/18/23 5:00,1947.3
8/18/23 6:00,2291.6
8/18/23 7:00,2506.61
8/18/23 8:00,2044.96
8/18/23 9:00,1815.22
8/18/23 10:00,2358.41
8/18/23 11:00,2441.35
8/18/23 12:00,2389.34
8/18/23 13:00,2417.53
8/18/23 14:00,2438.81
8/18/23 15:00,2442.33
8/18/23 16:00,2394.18
8/18/23 17:00,2392.99
8/18/23 18:00,2400.88
8/18/23 19:00,2369.44
8/18/23 20:00,2227.72
8/18/23 21:00,2003.61
8/18/23 22:00,1851.68
8/18/23 23:00,1853.65
8/19/23 0:00,1944.42
8/19/23 1:00,1968.82
8/19/23 2:00,1784.75
8/19/23 3:00,1999.07
8/19/23 4:00,1543.29
8/19/23 5:00,1978.28
8/19/23 6:00,2127.97
8/19/23 7:00,2116.66
8/19/23 8:00,1700.08
8/19/23 9:00,1552.24
8/19/23 10:00,2263.35
8/19/23 11:00,2435.01
8/19/23 12:00,2183.54
8/19/23 13:00,2215.34
8/19/23 14:00,2177.2
8/19/23 15:00,2004.28
8/19/23 16:00,2081.09
8/19/23 17:00,1978.04
8/19/23 18:00,1901.51
8/19/23 19:00,1940.92
8/19/23 20:00,1949.31
8/19/23 21:00,1643.28
8/19/23 22:00,1770.16
8/19/23 23:00,1807.54
8/20/23 0:00,1873.7
8/20/23 1:00,2074.97
8/20/23 2:00,1956.23
8/20/23 3:00,2030.64
8/20/23 4:00,2328.2
8/20/23 5:00,2376.87
8/20/23 6:00,2128.77
8/20/23 7:00,2338.41
8/20/23 8:00,1628.02
8/20/23 9:00,1596.77
8/20/23 10:00,2279.55
8/20/23 11:00,2154.58
8/20/23 12:00,2088.91
8/20/23 13:00,2059.53
8/20/23 14:00,2057.53
8/20/23 15:00,1873.64
8/20/23 16:00,1881.64
8/20/23 17:00,1882.51
8/20/23 18:00,1777.63
8/20/23 19:00,1837.26
8/20/23 20:00,1883.68
8/20/23 21:00,1827.5
8/20/23 22:00,1871.39
8/20/23 23:00,1924.03
8/21/23 0:00,1962.23
8/21/23 1:00,1970.94
8/21/23 2:00,1703.95
8/21/23 3:00,2113.13
8/21/23 4:00,2266.64
8/21/23 5:00,2236.43
8/21/23 6:00,2113.69
8/21/23 7:00,2202.89
8/21/23 8:00,1821.62
8/21/23 9:00,1762.9
8/21/23 10:00,2465.55
8/21/23 11:00,2597
8/21/23 12:00,2344.82
8/21/23 13:00,2452.77
8/21/23 14:00,2590.94
8/21/23 15:00,2531.44
8/21/23 16:00,2367.04
8/21/23 17:00,2424.7
8/21/23 18:00,2358.51
8/21/23 19:00,2361.41
8/21/23 20:00,2274.83
8/21/23 21:00,1926.46
8/21/23 22:00,1833.29
8/21/23 23:00,1784.49
8/22/23 0:00,1867.69
8/22/23 1:00,2073.06
8/22/23 2:00,1810.54
8/22/23 3:00,1906.6
8/22/23 4:00,2066.83
8/22/23 5:00,1671.24
8/22/23 6:00,1779.44
8/22/23 7:00,1875.71
8/22/23 8:00,1731.67
8/22/23 9:00,1575.66
8/22/23 10:00,2077.86
8/22/23 11:00,2164.2
8/22/23 12:00,2249.9
8/22/23 13:00,2222.97
8/22/23 14:00,2215.49
8/22/23 15:00,2244.17
8/22/23 16:00,2214.86
8/22/23 17:00,2154.09
8/22/23 18:00,2170.77
8/22/23 19:00,2150.97
8/22/23 20:00,2081.11
8/22/23 21:00,1803.82
8/22/23 22:00,1724.07
8/22/23 23:00,1642.79
8/23/23 0:00,1706.76
8/23/23 1:00,1826.41
8/23/23 2:00,1966.15
8/23/23 3:00,1818.89
8/23/23 4:00,1982.15
8/23/23 5:00,1897.87
8/23/23 6:00,1863.82
8/23/23 7:00,1548.22
8/23/23 8:00,1679.83
8/23/23 9:00,1798.51
8/23/23 10:00,1666.46
8/23/23 11:00,2182.04
8/23/23 12:00,2046.7
8/23/23 13:00,2248.44
8/23/23 14:00,2303.37
8/23/23 15:00,2271.12
8/23/23 16:00,2233.85
8/23/23 17:00,2205.08
8/23/23 18:00,2192.22
8/23/23 19:00,2113.97
8/23/23 20:00,2150.38
8/23/23 21:00,1847.74
8/23/23 22:00,1721.86
8/23/23 23:00,1612.31
8/24/23 0:00,1738.64
8/24/23 1:00,1777.36
8/24/23 2:00,1841.43
8/24/23 3:00,1842.35
8/24/23 4:00,1723.93
8/24/23 5:00,1827.95
8/24/23 6:00,1930.67
8/24/23 7:00,2026.16
8/24/23 8:00,2023.98
8/24/23 9:00,2050.15
8/24/23 10:00,2142.49
8/24/23 11:00,2132.02
8/24/23 12:00,1968.86
8/24/23 13:00,2161.04
8/24/23 14:00,2220.4
8/24/23 15:00,2239.89
8/24/23 16:00,2152.81
8/24/23 17:00,2100.45
8/24/23 18:00,2121.96
8/24/23 19:00,2062.72
8/24/23 20:00,1988.62
8/24/23 21:00,1771.42
8/24/23 22:00,1722.8
8/24/23 23:00,1637.06
8/25/23 0:00,1819.35
8/25/23 1:00,1862.36
8/25/23 2:00,1966.07
8/25/23 3:00,1859.02
8/25/23 4:00,2255.73
8/25/23 5:00,1463.27
8/25/23 6:00,1593.44
8/25/23 7:00,2028.05
8/25/23 8:00,2004.07
8/25/23 9:00,2013.01
8/25/23 10:00,1632.63
8/25/23 11:00,2016.7
8/25/23 12:00,2175.34
8/25/23 13:00,2160.81
8/25/23 14:00,2132.43
8/25/23 15:00,2107.98
8/25/23 16:00,2063.64
8/25/23 17:00,2066.29
8/25/23 18:00,2079.33
8/25/23 19:00,2043.63
8/25/23 20:00,1909.09
8/25/23 21:00,1797.39
8/25/23 22:00,1663.94
8/25/23 23:00,1652.57
8/26/23 0:00,1728.98
8/26/23 1:00,1688.65
8/26/23 2:00,1561.32
8/26/23 3:00,1734.77
8/26/23 4:00,1404.66
8/26/23 5:00,1514.7
8/26/23 6:00,1932.54
8/26/23 7:00,2021.5
8/26/23 8:00,1565.39
8/26/23 9:00,1359.46
8/26/23 10:00,2334.55
8/26/23 11:00,2369.49
8/26/23 12:00,2062.67
8/26/23 13:00,1970.05
8/26/23 14:00,2086.92
8/26/23 15:00,1890.62
8/26/23 16:00,1839.63
8/26/23 17:00,1799.11
8/26/23 18:00,1741.7
8/26/23 19:00,1780.23
8/26/23 20:00,1763.81
8/26/23 21:00,1438.79
8/26/23 22:00,1546.49
8/26/23 23:00,1600.67
8/27/23 0:00,1629.34
8/27/23 1:00,1775.63
8/27/23 2:00,1677.24
8/27/23 3:00,1691.05
8/27/23 4:00,2129.29
8/27/23 5:00,2312.35
8/27/23 6:00,2129.07
8/27/23 7:00,2206.85
8/27/23 8:00,1459.84
8/27/23 9:00,1479.44
8/27/23 10:00,2295.71
8/27/23 11:00,2240.92
8/27/23 12:00,1969.84
8/27/23 13:00,1935.67
8/27/23 14:00,1882.22
8/27/23 15:00,1693.76
8/27/23 16:00,1612.63
8/27/23 17:00,1585.13
8/27/23 18:00,1561.33
8/27/23 19:00,1553.28
8/27/23 20:00,1641.2
8/27/23 21:00,1540.77
8/27/23 22:00,1695.05
8/27/23 23:00,1734.16
8/28/23 0:00,1820.21
8/28/23 1:00,2008.12
8/28/23 2:00,1478.42
8/28/23 3:00,1785.19
8/28/23 4:00,1954.96
8/28/23 5:00,2061.49
8/28/23 6:00,1973.96
8/28/23 7:00,1969.52
8/28/23 8:00,1648.49
8/28/23 9:00,1617.78
8/28/23 10:00,2470.81
8/28/23 11:00,2394.7
8/28/23 12:00,2215.46
8/28/23 13:00,2213.24
8/28/23 14:00,2270.71
8/28/23 15:00,2273.79
8/28/23 16:00,2236.02
8/28/23 17:00,2206.58
8/28/23 18:00,2186.76
8/28/23 19:00,2151.65
8/28/23 20:00,2135.77
8/28/23 21:00,1773.49
8/28/23 22:00,1745.26
8/28/23 23:00,1787.35
8/29/23 0:00,1827.45
8/29/23 1:00,1819.86
8/29/23 2:00,1741.81
8/29/23 3:00,1850.83
8/29/23 4:00,1651.26
8/29/23 5:00,1745.07
8/29/23 6:00,1727.85
8/29/23 7:00,1821.03
8/29/23 8:00,1637.76
8/29/23 9:00,1561.45
8/29/23 10:00,2113.08
8/29/23 11:00,2104.14
8/29/23 12:00,2110.37
8/29/23 13:00,2283.76
8/29/23 14:00,2225.39
8/29/23 15:00,2195.23
8/29/23 16:00,2171.9
8/29/23 17:00,2219.29
8/29/23 18:00,2122.58
8/29/23 19:00,2107.23
8/29/23 20:00,2054.62
8/29/23 21:00,1773.97
8/29/23 22:00,1740
8/29/23 23:00,1737.24
8/30/23 0:00,1809.21
8/30/23 1:00,1799.97
8/30/23 2:00,1817.38
8/30/23 3:00,1971.54
8/30/23 4:00,2168.96
8/30/23 5:00,1594.7
8/30/23 6:00,1625.9
8/30/23 7:00,1520.47
8/30/23 8:00,1652.14
8/30/23 9:00,1943.17
8/30/23 10:00,1842.61
8/30/23 11:00,1818.24
8/30/23 12:00,2193.63
8/30/23 13:00,2259.22
8/30/23 14:00,2198.82
8/30/23 15:00,2193.89
8/30/23 16:00,2139.25
8/30/23 17:00,2105.02
8/30/23 18:00,2169.18
8/30/23 19:00,2090.24
8/30/23 20:00,2063.63
8/30/23 21:00,1805.99
8/30/23 22:00,1707.18
8/30/23 23:00,1649.33
8/31/23 0:00,1694.63
8/31/23 1:00,1732.19
8/31/23 2:00,1750.34
8/31/23 3:00,2197.18
8/31/23 4:00,1591.97
8/31/23 5:00,1624.2
8/31/23 6:00,2085.71
8/31/23 7:00,2075.82
8/31/23 8:00,1864.56
8/31/23 9:00,1668.63
8/31/23 10:00,2310.29
8/31/23 11:00,2369.11
8/31/23 12:00,2240.77
8/31/23 13:00,2269.8
8/31/23 14:00,2253.08
8/31/23 15:00,2228.34
8/31/23 16:00,2181.91
8/31/23 17:00,2177.43
8/31/23 18:00,2105.45
8/31/23 19:00,2108.95
8/31/23 20:00,2072.27
8/31/23 21:00,1817.73
8/31/23 22:00,1722.38
8/31/23 23:00,1695.39
9/1/23 0:00,1746.78
9/1/23 1:00,1817.12
9/1/23 2:00,1784.89
9/1/23 3:00,1670.96
9/1/23 4:00,1882.07
9/1/23 5:00,2009.38
9/1/23 6:00,1898.58
9/1/23 7:00,1963.83
9/1/23 8:00,1623.61
9/1/23 9:00,1597.45
9/1/23 10:00,2183.67
9/1/23 11:00,2318.19
9/1/23 12:00,2102.43
9/1/23 13:00,2151.67
9/1/23 14:00,2132.73
9/1/23 15:00,2126.02
9/1/23 16:00,2096.87
9/1/23 17:00,2074.01
9/1/23 18:00,1960.43
9/1/23 19:00,1952.06
9/1/23 20:00,1932.86
9/1/23 21:00,1725.35
9/1/23 22:00,1678.52
9/1/23 23:00,1660.67
9/2/23 0:00,1588.43
9/2/23 1:00,1530.21
9/2/23 2:00,1441.28
9/2/23 3:00,1591.24
9/2/23 4:00,1419.13
9/2/23 5:00,1734.95
9/2/23 6:00,1856.93
9/2/23 7:00,1860.45
9/2/23 8:00,1499.29
9/2/23 9:00,1430.1
9/2/23 10:00,2126.44
9/2/23 11:00,2087.43
9/2/23 12:00,1856.81
9/2/23 13:00,1895.86
9/2/23 14:00,1828.99
9/2/23 15:00,1715.87
9/2/23 16:00,1709.4
9/2/23 17:00,1693.08
9/2/23 18:00,1622.46
9/2/23 19:00,1578.97
9/2/23 20:00,1655.53
9/2/23 21:00,1383.58
9/2/23 22:00,1471.9
9/2/23 23:00,1525.73
9/3/23 0:00,1514.84
9/3/23 1:00,1573.06
9/3/23 2:00,1509.55
9/3/23 3:00,1493.37
9/3/23 4:00,1864.47
9/3/23 5:00,2323.23
9/3/23 6:00,2036.23
9/3/23 7:00,1736.64
9/3/23 8:00,1314.04
9/3/23 9:00,1339.58
9/3/23 10:00,1822.33
9/3/23 11:00,1686.33
9/3/23 12:00,1647.63
9/3/23 13:00,1668.49
9/3/23 14:00,1655.46
9/3/23 15:00,1585.89
9/3/23 16:00,1556.12
9/3/23 17:00,1483.67
9/3/23 18:00,1402.86
9/3/23 19:00,1436.28
9/3/23 20:00,1532.8
9/3/23 21:00,1447.14
9/3/23 22:00,1498.33
9/3/23 23:00,1607.26
9/4/23 0:00,1737.99
9/4/23 1:00,1740.71
9/4/23 2:00,1576.74
9/4/23 3:00,1880.24
9/4/23 4:00,2071.76
9/4/23 5:00,2030.68
9/4/23 6:00,2001.06
9/4/23 7:00,1933.63
9/4/23 8:00,1629.53
9/4/23 9:00,1517.37
9/4/23 10:00,2015.97
9/4/23 11:00,2088.21
9/4/23 12:00,2044.42
9/4/23 13:00,2080.82
9/4/23 14:00,2018.45
9/4/23 15:00,1857.7
9/4/23 16:00,1808.04
9/4/23 17:00,1757.13
9/4/23 18:00,1740.91
9/4/23 19:00,1787.72
9/4/23 20:00,1831.43
9/4/23 21:00,1611.91
9/4/23 22:00,1633.37
9/4/23 23:00,1768.88
9/5/23 0:00,1775.5
9/5/23 1:00,1949.24
9/5/23 2:00,1897.6
9/5/23 3:00,1794.97
9/5/23 4:00,2036.85
9/5/23 5:00,1976.76
9/5/23 6:00,1868.72
9/5/23 7:00,1938.88
9/5/23 8:00,1678.38
9/5/23 9:00,1595.75
9/5/23 10:00,2290.78
9/5/23 11:00,2195.78
9/5/23 12:00,2162.6
9/5/23 13:00,2222.47
9/5/23 14:00,2216.71
9/5/23 15:00,2273.26
9/5/23 16:00,2171.19
9/5/23 17:00,2153.78
9/5/23 18:00,2130.27
9/5/23 19:00,2112.74
9/5/23 20:00,2069.77
9/5/23 21:00,1760.81
9/5/23 22:00,1687.23
9/5/23 23:00,1673.62
9/6/23 0:00,1712.42
9/6/23 1:00,1684.46
9/6/23 2:00,1480.04
9/6/23 3:00,1846.98
9/6/23 4:00,1831.78
9/6/23 5:00,1751.81
9/6/23 6:00,1931.3
9/6/23 7:00,1927.9
9/6/23 8:00,1635.81
9/6/23 9:00,1544.34
9/6/23 10:00,2124.22
9/6/23 11:00,2215.8
9/6/23 12:00,2084.55
9/6/23 13:00,2237.03
9/6/23 14:00,2241.11
9/6/23 15:00,2200.78
9/6/23 16:00,2120.29
9/6/23 17:00,2140.7
9/6/23 18:00,2196.82
9/6/23 19:00,2099.5
9/6/23 20:00,2069.84
9/6/23 21:00,1818.04
9/6/23 22:00,1656.93
9/6/23 23:00,1601.24
9/7/23 0:00,1681.12
9/7/23 1:00,1661.64
9/7/23 2:00,1690.81
9/7/23 3:00,1867.75
9/7/23 4:00,1683.51
9/7/23 5:00,1574.28
9/7/23 6:00,1822.82
9/7/23 7:00,1866.84
9/7/23 8:00,1792.78
9/7/23 9:00,1509.71
9/7/23 10:00,2041.01
9/7/23 11:00,2059.15
9/7/23 12:00,2063.2
9/7/23 13:00,2066.55
9/7/23 14:00,2099.13
9/7/23 15:00,2125.24
9/7/23 16:00,2015.98
9/7/23 17:00,2019.38
9/7/23 18:00,1976.84
9/7/23 19:00,1929.3
9/7/23 20:00,1944.13
9/7/23 21:00,1731.45
9/7/23 22:00,1699.65
9/7/23 23:00,1636.24
9/8/23 0:00,1675.65
9/8/23 1:00,1735.96
9/8/23 2:00,1809.7
9/8/23 3:00,1642.97
9/8/23 4:00,1552.61
9/8/23 5:00,1695.69
9/8/23 6:00,1929.31
9/8/23 7:00,1928.81
9/8/23 8:00,1562.82
9/8/23 9:00,1512.65
9/8/23 10:00,2099.67
9/8/23 11:00,2197.21
9/8/23 12:00,2192.28
9/8/23 13:00,2210.93
9/8/23 14:00,2152.04
9/8/23 15:00,2175.43
9/8/23 16:00,2116.37
9/8/23 17:00,2131.36
9/8/23 18:00,2118.55
9/8/23 19:00,2099.58
9/8/23 20:00,2042.83
9/8/23 21:00,1820.63
9/8/23 22:00,1701.85
9/8/23 23:00,1625.62
9/9/23 0:00,1760.65
9/9/23 1:00,1578.49
9/9/23 2:00,1543.34
9/9/23 3:00,1528.47
9/9/23 4:00,1721.72
9/9/23 5:00,1766.59
9/9/23 6:00,1870.64
9/9/23 7:00,1887.98
9/9/23 8:00,2057.24
9/9/23 9:00,2096.94
9/9/23 10:00,2082.6
9/9/23 11:00,1886.93
9/9/23 12:00,2075.61
9/9/23 13:00,1927.52
9/9/23 14:00,1851.81
9/9/23 15:00,1517.84
9/9/23 16:00,1598.75
9/9/23 17:00,1735.05
9/9/23 18:00,1671.1
9/9/23 19:00,1631.45
9/9/23 20:00,1667.15
9/9/23 21:00,1490.48
9/9/23 22:00,1451.78
9/9/23 23:00,1502.64
9/10/23 0:00,1668.97
9/10/23 1:00,1697.2
9/10/23 2:00,1642.08
9/10/23 3:00,2099.39
9/10/23 4:00,2025.06
9/10/23 5:00,2079.37
9/10/23 6:00,2093.18
9/10/23 7:00,2047.35
9/10/23 8:00,1618.93
9/10/23 9:00,1481.34
9/10/23 10:00,2010.27
9/10/23 11:00,1905.8
9/10/23 12:00,1822.31
9/10/23 13:00,1921.68
9/10/23 14:00,1828.84
9/10/23 15:00,1784.36
9/10/23 16:00,1695.94
9/10/23 17:00,1580.56
9/10/23 18:00,1557.09
9/10/23 19:00,1517.82
9/10/23 20:00,1580.33
9/10/23 21:00,1677.83
9/10/23 22:00,1664.94
9/10/23 23:00,1742.46
9/11/23 0:00,2089.3
9/11/23 1:00,1872.91
9/11/23 2:00,1667.54
9/11/23 3:00,2006.02
9/11/23 4:00,2382.96
9/11/23 5:00,2176.12
9/11/23 6:00,2074.61
9/11/23 7:00,1976.31
9/11/23 8:00,1734.35
9/11/23 9:00,1702.68
9/11/23 10:00,2431.06
9/11/23 11:00,2359.88
9/11/23 12:00,2310.43
9/11/23 13:00,2358.79
9/11/23 14:00,2340.33
9/11/23 15:00,2329.18
9/11/23 16:00,2184.13
9/11/23 17:00,2209.44
9/11/23 18:00,2138.39
9/11/23 19:00,2159.89
9/11/23 20:00,2117.34
9/11/23 21:00,1869.34
9/11/23 22:00,1765.64
9/11/23 23:00,1730.22
9/12/23 0:00,1770.03
9/12/23 1:00,1821.74
9/12/23 2:00,1669.02
9/12/23 3:00,1968.12
9/12/23 4:00,1703.06
9/12/23 5:00,1742.79
9/12/23 6:00,1963.64
9/12/23 7:00,1946.98
9/12/23 8:00,2122.73
9/12/23 9:00,1967.2
9/12/23 10:00,1758.18
9/12/23 11:00,2170.07
9/12/23 12:00,2133.6
9/12/23 13:00,2238.23
9/12/23 14:00,2279.22
9/12/23 15:00,2259.57
9/12/23 16:00,2123.88
9/12/23 17:00,2141.02
9/12/23 18:00,2137.98
9/12/23 19:00,2145.23
9/12/23 20:00,2059.55
9/12/23 21:00,1812.66
9/12/23 22:00,1710.62
9/12/23 23:00,1661.95
9/13/23 0:00,1731.93
9/13/23 1:00,1744.01
9/13/23 2:00,1824.84
9/13/23 3:00,1883.82
9/13/23 4:00,2000.13
9/13/23 5:00,1921.17
9/13/23 6:00,1865
9/13/23 7:00,1817.57
9/13/23 8:00,1993.05
9/13/23 9:00,1988.45
9/13/23 10:00,1998.96
9/13/23 11:00,1831.58
9/13/23 12:00,1998.64
9/13/23 13:00,2193.69
9/13/23 14:00,2331.42
9/13/23 15:00,2316.65
9/13/23 16:00,2213.72
9/13/23 17:00,2204.29
9/13/23 18:00,2222.28
9/13/23 19:00,2129.55
9/13/23 20:00,2080.41
9/13/23 21:00,1775.28
9/13/23 22:00,1687.77
9/13/23 23:00,1691.6
9/14/23 0:00,1765.71
9/14/23 1:00,1701.75
9/14/23 2:00,1629.03
9/14/23 3:00,1709.35
9/14/23 4:00,1607.06
9/14/23 5:00,1505.45
9/14/23 6:00,1621.46
9/14/23 7:00,1722.84
9/14/23 8:00,1928.1
9/14/23 9:00,1727.35
9/14/23 10:00,2204.49
9/14/23 11:00,2193.53
9/14/23 12:00,2242
9/14/23 13:00,2260
9/14/23 14:00,2307.06
9/14/23 15:00,2358.27
9/14/23 16:00,2215.83
9/14/23 17:00,2248.64
9/14/23 18:00,2201.88
9/14/23 19:00,2244.15
9/14/23 20:00,2122.32
9/14/23 21:00,1838.47
9/14/23 22:00,1734.37
9/14/23 23:00,1694.24
9/15/23 0:00,1769.45
9/15/23 1:00,1721.31
9/15/23 2:00,1711.64
9/15/23 3:00,1701.5
9/15/23 4:00,1677.89
9/15/23 5:00,1578.7
9/15/23 6:00,1955.58
9/15/23 7:00,1965.17
9/15/23 8:00,1958.95
9/15/23 9:00,1611.18
9/15/23 10:00,2092.69
9/15/23 11:00,2151.03
9/15/23 12:00,2152.61
9/15/23 13:00,2227.15
9/15/23 14:00,2334.49
9/15/23 15:00,2233.41
9/15/23 16:00,2134.65
9/15/23 17:00,2178.65
9/15/23 18:00,2165.75
9/15/23 19:00,2135.88
9/15/23 20:00,2099.34
9/15/23 21:00,1871.29
9/15/23 22:00,1761.77
9/15/23 23:00,1664.87
9/16/23 0:00,1791.06
9/16/23 1:00,1657.02
9/16/23 2:00,1522.63
9/16/23 3:00,1719.59
9/16/23 4:00,1437.94
9/16/23 5:00,1520.04
9/16/23 6:00,1824.34
9/16/23 7:00,1793.37
9/16/23 8:00,1860.17
9/16/23 9:00,1464.15
9/16/23 10:00,2279.85
9/16/23 11:00,2097.02
9/16/23 12:00,2023.68
9/16/23 13:00,1985.16
9/16/23 14:00,1967.73
9/16/23 15:00,1756.2
9/16/23 16:00,1684.28
9/16/23 17:00,1724.01
9/16/23 18:00,1669.63
9/16/23 19:00,1604.36
9/16/23 20:00,1638.32
9/16/23 21:00,1324.86
9/16/23 22:00,1412.68
9/16/23 23:00,1591.59
9/17/23 0:00,1516.63
9/17/23 1:00,1694.57
9/17/23 2:00,1776.82
9/17/23 3:00,1912.84
9/17/23 4:00,1939.35
9/17/23 5:00,2099.02
9/17/23 6:00,2245.74
9/17/23 7:00,2084.26
9/17/23 8:00,1900.7
9/17/23 9:00,1740.34
9/17/23 10:00,1347.4
9/17/23 11:00,1800.23
9/17/23 12:00,1795.45
9/17/23 13:00,1646.45
9/17/23 14:00,1601.3
9/17/23 15:00,1647.18
9/17/23 16:00,1462.74
9/17/23 17:00,1377.32
9/17/23 18:00,1396.73
9/17/23 19:00,1490.81
9/17/23 20:00,1492.82
9/17/23 21:00,1422.67
9/17/23 22:00,1470.22
9/17/23 23:00,1583.45
9/18/23 0:00,1638.92
9/18/23 1:00,1528.77
9/18/23 2:00,1397.39
9/18/23 3:00,1703.31
9/18/23 4:00,1967.3
9/18/23 5:00,1830.74
9/18/23 6:00,1823.5
9/18/23 7:00,1835.06
9/18/23 8:00,1632.28
9/18/23 9:00,1702.33
9/18/23 10:00,2371.17
9/18/23 11:00,2291.08
9/18/23 12:00,2250.54
9/18/23 13:00,2312.04
9/18/23 14:00,2333.13
9/18/23 15:00,2279.59
9/18/23 16:00,2103.62
9/18/23 17:00,2149.88
9/18/23 18:00,2139.62
9/18/23 19:00,2071.35
9/18/23 20:00,2049.53
9/18/23 21:00,1886.42
9/18/23 22:00,1797.89
9/18/23 23:00,1668.61
9/19/23 0:00,1714.39
9/19/23 1:00,1742.96
9/19/23 2:00,1652.73
9/19/23 3:00,1727.85
9/19/23 4:00,1922.43
9/19/23 5:00,1878.31
9/19/23 6:00,1957.45
9/19/23 7:00,1919.97
9/19/23 8:00,1786.41
9/19/23 9:00,1648.16
9/19/23 10:00,2293.97
9/19/23 11:00,2171.44
9/19/23 12:00,2142.34
9/19/23 13:00,2261.32
9/19/23 14:00,2231.98
9/19/23 15:00,2253.46
9/19/23 16:00,2160.63
9/19/23 17:00,2171.2
9/19/23 18:00,2113.88
9/19/23 19:00,2167.63
9/19/23 20:00,2075.11
9/19/23 21:00,1860.5
9/19/23 22:00,1778.66
9/19/23 23:00,1769.39