Date,Views
2013-09-22,44
2013-09-23,2
2013-09-24,27
2013-09-25,48
2013-09-26,103
2013-09-27,17
2013-09-28,7
2013-09-29,35
2013-09-30,78
2013-10-01,38
2013-10-02,5
2013-10-03,7
2013-10-04,4
2013-10-05,0
2013-10-06,5
2013-10-07,6
2013-10-08,19
2013-10-09,26
2013-10-10,3
2013-10-11,1
2013-10-12,1
2013-10-13,7
2013-10-14,7
2013-10-15,4
2013-10-16,3
2013-10-17,3
2013-10-18,4
2013-10-19,11
2013-10-20,7
2013-10-21,7
2013-10-22,5
2013-10-23,30
2013-10-24,41
2013-10-25,10
2013-10-26,10
2013-10-27,25
2013-10-28,16
2013-10-29,29
2013-10-30,15
2013-10-31,43
2013-11-01,34
2013-11-02,18
2013-11-03,38
2013-11-04,92
2013-11-05,28
2013-11-06,22
2013-11-07,13
2013-11-08,0
2013-11-09,3
2013-11-10,4
2013-11-11,6
2013-11-12,6
2013-11-13,6
2013-11-14,4
2013-11-15,0
2013-11-16,12
2013-11-17,7
2013-11-18,7
2013-11-19,2
2013-11-20,7
2013-11-21,1
2013-11-22,2
2013-11-23,6
2013-11-24,13
2013-11-25,7
2013-11-26,6
2013-11-27,7
2013-11-28,1
2013-11-29,2
2013-11-30,4
2013-12-01,5
2013-12-02,3
2013-12-03,5
2013-12-04,2
2013-12-05,2
2013-12-06,3
2013-12-07,0
2013-12-08,5
2013-12-09,6
2013-12-10,10
2013-12-11,4
2013-12-12,8
2013-12-13,1
2013-12-14,2
2013-12-15,4
2013-12-16,5
2013-12-17,5
2013-12-18,2
2013-12-19,1
2013-12-20,1
2013-12-21,0
2013-12-22,2
2013-12-23,0
2013-12-24,1
2013-12-25,1
2013-12-26,1
2013-12-27,3
2013-12-28,1
2013-12-29,1
2013-12-30,1
2013-12-31,1
2014-01-01,2
2014-01-02,0
2014-01-03,0
2014-01-04,0
2014-01-05,2
2014-01-06,3
2014-01-07,4
2014-01-08,7
2014-01-09,1
2014-01-10,1
2014-01-11,0
2014-01-12,7
2014-01-13,1
2014-01-14,6
2014-01-15,7
2014-01-16,2
2014-01-17,5
2014-01-18,5
2014-01-19,7
2014-01-20,14
2014-01-21,8
2014-01-22,4
2014-01-23,6
2014-01-24,5
2014-01-25,5
2014-01-26,10
2014-01-27,8
2014-01-28,5
2014-01-29,12
2014-01-30,4
2014-01-31,1
2014-02-01,4
2014-02-02,11
2014-02-03,17
2014-02-04,12
2014-02-05,9
2014-02-06,11
2014-02-07,12
2014-02-08,4
2014-02-09,13
2014-02-10,19
2014-02-11,12
2014-02-12,23
2014-02-13,19
2014-02-14,7
2014-02-15,10
2014-02-16,22
2014-02-17,12
2014-02-18,11
2014-02-19,15
2014-02-20,9
2014-02-21,7
2014-02-22,10
2014-02-23,21
2014-02-24,15
2014-02-25,11
2014-02-26,12
2014-02-27,4
2014-02-28,7
2014-03-01,6
2014-03-02,14
2014-03-03,13
2014-03-04,8
2014-03-05,14
2014-03-06,12
2014-03-07,8
2014-03-08,5
2014-03-09,11
2014-03-10,11
2014-03-11,19
2014-03-12,14
2014-03-13,6
2014-03-14,13
2014-03-15,11
2014-03-16,16
2014-03-17,12
2014-03-18,20
2014-03-19,16
2014-03-20,17
2014-03-21,2
2014-03-22,19
2014-03-23,17
2014-03-24,13
2014-03-25,16
2014-03-26,15
2014-03-27,7
2014-03-28,13
2014-03-29,13
2014-03-30,11
2014-03-31,14
2014-04-01,20
2014-04-02,22
2014-04-03,10
2014-04-04,16
2014-04-05,10
2014-04-06,20
2014-04-07,14
2014-04-08,16
2014-04-09,20
2014-04-10,24
2014-04-11,11
2014-04-12,9
2014-04-13,14
2014-04-14,22
2014-04-15,11
2014-04-16,14
2014-04-17,13
2014-04-18,15
2014-04-19,14
2014-04-20,23
2014-04-21,20
2014-04-22,19
2014-04-23,24
2014-04-24,13
2014-04-25,15
2014-04-26,12
2014-04-27,15
2014-04-28,28
2014-04-29,16
2014-04-30,16
2014-05-01,15
2014-05-02,14
2014-05-03,13
2014-05-04,22
2014-05-05,24
2014-05-06,14
2014-05-07,18
2014-05-08,39
2014-05-09,8
2014-05-10,12
2014-05-11,20
2014-05-12,17
2014-05-13,14
2014-05-14,13
2014-05-15,18
2014-05-16,6
2014-05-17,18
2014-05-18,13
2014-05-19,39
2014-05-20,22
2014-05-21,15
2014-05-22,22
2014-05-23,12
2014-05-24,7
2014-05-25,15
2014-05-26,12
2014-05-27,7
2014-05-28,10
2014-05-29,9
2014-05-30,5
2014-05-31,12
2014-06-01,14
2014-06-02,17
2014-06-03,20
2014-06-04,14
2014-06-05,9
2014-06-06,7
2014-06-07,14
2014-06-08,17
2014-06-09,17
2014-06-10,18
2014-06-11,8
2014-06-12,14
2014-06-13,8
2014-06-14,12
2014-06-15,18
2014-06-16,15
2014-06-17,22
2014-06-18,11
2014-06-19,3
2014-06-20,7
2014-06-21,8
2014-06-22,15
2014-06-23,15
2014-06-24,28
2014-06-25,24
2014-06-26,11
2014-06-27,10
2014-06-28,14
2014-06-29,17
2014-06-30,11
2014-07-01,18
2014-07-02,16
2014-07-03,11
2014-07-04,7
2014-07-05,6
2014-07-06,12
2014-07-07,15
2014-07-08,13
2014-07-09,9
2014-07-10,11
2014-07-11,9
2014-07-12,14
2014-07-13,17
2014-07-14,15
2014-07-15,14
2014-07-16,16
2014-07-17,19
2014-07-18,7
2014-07-19,15
2014-07-20,20
2014-07-21,27
2014-07-22,27
2014-07-23,27
2014-07-24,23
2014-07-25,4
2014-07-26,13
2014-07-27,32
2014-07-28,10
2014-07-29,24
2014-07-30,23
2014-07-31,14
2014-08-01,8
2014-08-02,0
2014-08-03,18
2014-08-04,17
2014-08-05,10
2014-08-06,14
2014-08-07,17
2014-08-08,11
2014-08-09,17
2014-08-10,16
2014-08-11,23
2014-08-12,16
2014-08-13,11
2014-08-14,30
2014-08-15,11
2014-08-16,14
2014-08-17,22
2014-08-18,22
2014-08-19,15
2014-08-20,24
2014-08-21,11
2014-08-22,10
2014-08-23,14
2014-08-24,21
2014-08-25,15
2014-08-26,10
2014-08-27,15
2014-08-28,10
2014-08-29,11
2014-08-30,18
2014-08-31,32
2014-09-01,21
2014-09-02,15
2014-09-03,23
2014-09-04,25
2014-09-05,12
2014-09-06,26
2014-09-07,34
2014-09-08,30
2014-09-09,38
2014-09-10,46
2014-09-11,40
2014-09-12,14
2014-09-13,33
2014-09-14,37
2014-09-15,50
2014-09-16,33
2014-09-17,32
2014-09-18,31
2014-09-19,33
2014-09-20,49
2014-09-21,69
2014-09-22,60
2014-09-23,95
2014-09-24,86
2014-09-25,97
2014-09-26,54
2014-09-27,67
2014-09-28,99
2014-09-29,98
2014-09-30,63
2014-10-01,47
2014-10-02,63
2014-10-03,39
2014-10-04,29
2014-10-05,65
2014-10-06,78
2014-10-07,94
2014-10-08,81
2014-10-09,51
2014-10-10,56
2014-10-11,48
2014-10-12,54
2014-10-13,61
2014-10-14,62
2014-10-15,78
2014-10-16,67
2014-10-17,65
2014-10-18,53
2014-10-19,108
2014-10-20,65
2014-10-21,105
2014-10-22,85
2014-10-23,71
2014-10-24,53
2014-10-25,46
2014-10-26,116
2014-10-27,98
2014-10-28,134
2014-10-29,139
2014-10-30,140
2014-10-31,57
2014-11-01,75
2014-11-02,152
2014-11-03,134
2014-11-04,120
2014-11-05,110
2014-11-06,108
2014-11-07,70
2014-11-08,70
2014-11-09,146
2014-11-10,123
2014-11-11,116
2014-11-12,153
2014-11-13,109
2014-11-14,76
2014-11-15,65
2014-11-16,168
2014-11-17,125
2014-11-18,151
2014-11-19,114
2014-11-20,96
2014-11-21,56
2014-11-22,62
2014-11-23,141
2014-11-24,102
2014-11-25,74
2014-11-26,81
2014-11-27,46
2014-11-28,32
2014-11-29,56
2014-11-30,93
2014-12-01,91
2014-12-02,137
2014-12-03,137
2014-12-04,92
2014-12-05,72
2014-12-06,61
2014-12-07,166
2014-12-08,152
2014-12-09,139
2014-12-10,160
2014-12-11,107
2014-12-12,76
2014-12-13,46
2014-12-14,100
2014-12-15,107
2014-12-16,101
2014-12-17,77
2014-12-18,48
2014-12-19,12
2014-12-20,13
2014-12-21,28
2014-12-22,17
2014-12-23,23
2014-12-24,22
2014-12-25,9
2014-12-26,13
2014-12-27,15
2014-12-28,20
2014-12-29,19
2014-12-30,15
2014-12-31,14
2015-01-01,17
2015-01-02,25
2015-01-03,22
2015-01-04,33
2015-01-05,35
2015-01-06,43
2015-01-07,44
2015-01-08,33
2015-01-09,41
2015-01-10,40
2015-01-11,63
2015-01-12,41
2015-01-13,53
2015-01-14,52
2015-01-15,58
2015-01-16,41
2015-01-17,31
2015-01-18,74
2015-01-19,68
2015-01-20,53
2015-01-21,80
2015-01-22,50
2015-01-23,39
2015-01-24,43
2015-01-25,90
2015-01-26,65
2015-01-27,56
2015-01-28,82
2015-01-29,48
2015-01-30,22
2015-01-31,34
2015-02-01,75
2015-02-02,55
2015-02-03,66
2015-02-04,80
2015-02-05,66
2015-02-06,45
2015-02-07,40
2015-02-08,95
2015-02-09,55
2015-02-10,84
2015-02-11,83
2015-02-12,56
2015-02-13,37
2015-02-14,49
2015-02-15,45
2015-02-16,65
2015-02-17,57
2015-02-18,62
2015-02-19,61
2015-02-20,40
2015-02-21,62
2015-02-22,106
2015-02-23,96
2015-02-24,85
2015-02-25,70
2015-02-26,75
2015-02-27,38
2015-02-28,36
2015-03-01,71
2015-03-02,70
2015-03-03,68
2015-03-04,83
2015-03-05,70
2015-03-06,55
2015-03-07,34
2015-03-08,83
2015-03-09,102
2015-03-10,90
2015-03-11,106
2015-03-12,76
2015-03-13,63
2015-03-14,54
2015-03-15,123
2015-03-16,103
2015-03-17,84
2015-03-18,87
2015-03-19,81
2015-03-20,64
2015-03-21,45
2015-03-22,85
2015-03-23,96
2015-03-24,104
2015-03-25,85
2015-03-26,85
2015-03-27,71
2015-03-28,61
2015-03-29,132
2015-03-30,119
2015-03-31,105
2015-04-01,99
2015-04-02,65
2015-04-03,48
2015-04-04,42
2015-04-05,84
2015-04-06,121
2015-04-07,97
2015-04-08,105
2015-04-09,98
2015-04-10,62
2015-04-11,69
2015-04-12,123
2015-04-13,110
2015-04-14,117
2015-04-15,104
2015-04-16,94
2015-04-17,78
2015-04-18,73
2015-04-19,136
2015-04-20,141
2015-04-21,117
2015-04-22,117
2015-04-23,119
2015-04-24,53
2015-04-25,65
2015-04-26,124
2015-04-27,113
2015-04-28,110
2015-04-29,115
2015-04-30,81
2015-05-01,61
2015-05-02,53
2015-05-03,100
2015-05-04,107
2015-05-05,100
2015-05-06,83
2015-05-07,77
2015-05-08,42
2015-05-09,49
2015-05-10,89
2015-05-11,120
2015-05-12,95
2015-05-13,92
2015-05-14,71
2015-05-15,50
2015-05-16,46
2015-05-17,70
2015-05-18,76
2015-05-19,72
2015-05-20,67
2015-05-21,48
2015-05-22,54
2015-05-23,28
2015-05-24,46
2015-05-25,64
2015-05-26,74
2015-05-27,47
2015-05-28,75
2015-05-29,52
2015-05-30,52
2015-05-31,76
2015-06-01,44
2015-06-02,64
2015-06-03,53
2015-06-04,55
2015-06-05,25
2015-06-06,39
2015-06-07,59
2015-06-08,67
2015-06-09,81
2015-06-10,66
2015-06-11,44
2015-06-12,51
2015-06-13,48
2015-06-14,69
2015-06-15,75
2015-06-16,51
2015-06-17,48
2015-06-18,47
2015-06-19,32
2015-06-20,27
2015-06-21,61
2015-06-22,53
2015-06-23,77
2015-06-24,53
2015-06-25,46
2015-06-26,35
2015-06-27,42
2015-06-28,40
2015-06-29,66
2015-06-30,45
2015-07-01,61
2015-07-02,31
2015-07-03,26
2015-07-04,18
2015-07-05,40
2015-07-06,52
2015-07-07,63
2015-07-08,62
2015-07-09,29
2015-07-10,28
2015-07-11,24
2015-07-12,45
2015-07-13,43
2015-07-14,36
2015-07-15,70
2015-07-16,34
2015-07-17,27
2015-07-18,29
2015-07-19,51
2015-07-20,84
2015-07-21,47
2015-07-22,68
2015-07-23,43
2015-07-24,27
2015-07-25,25
2015-07-26,60
2015-07-27,57
2015-07-28,63
2015-07-29,60
2015-07-30,53
2015-07-31,46
2015-08-01,26
2015-08-02,57
2015-08-03,62
2015-08-04,57
2015-08-05,54
2015-08-06,56
2015-08-07,54
2015-08-08,31
2015-08-09,64
2015-08-10,76
2015-08-11,70
2015-08-12,44
2015-08-13,46
2015-08-14,38
2015-08-15,32
2015-08-16,35
2015-08-17,41
2015-08-18,48
2015-08-19,33
2015-08-20,30
2015-08-21,23
2015-08-22,29
2015-08-23,32
2015-08-24,33
2015-08-25,54
2015-08-26,58
2015-08-27,54
2015-08-28,21
2015-08-29,27
2015-08-30,70
2015-08-31,44
2015-09-01,62
2015-09-02,47
2015-09-03,64
2015-09-04,40
2015-09-05,59
2015-09-06,87
2015-09-07,86
2015-09-08,82
2015-09-09,91
2015-09-10,81
2015-09-11,75
2015-09-12,79
2015-09-13,121
2015-09-14,78
2015-09-15,104
2015-09-16,56
2015-09-17,82
2015-09-18,54
2015-09-19,59
2015-09-20,89
2015-09-21,75
2015-09-22,73
2015-09-23,105
2015-09-24,81
2015-09-25,76
2015-09-26,64
2015-09-27,141
2015-09-28,110
2015-09-29,139
2015-09-30,123
2015-10-01,141
2015-10-02,75
2015-10-03,82
2015-10-04,169
2015-10-05,210
2015-10-06,176
2015-10-07,132
2015-10-08,112
2015-10-09,83
2015-10-10,74
2015-10-11,123
2015-10-12,137
2015-10-13,134
2015-10-14,196
2015-10-15,164
2015-10-16,74
2015-10-17,77
2015-10-18,165
2015-10-19,181
2015-10-20,187
2015-10-21,195
2015-10-22,157
2015-10-23,85
2015-10-24,90
2015-10-25,200
2015-10-26,161
2015-10-27,186
2015-10-28,154
2015-10-29,116
2015-10-30,97
2015-10-31,103
2015-11-01,211
2015-11-02,186
2015-11-03,218
2015-11-04,234
2015-11-05,273
2015-11-06,175
2015-11-07,121
2015-11-08,225
2015-11-09,187
2015-11-10,159
2015-11-11,187
2015-11-12,210
2015-11-13,159
2015-11-14,132
2015-11-15,261
2015-11-16,283
2015-11-17,256
2015-11-18,243
2015-11-19,251
2015-11-20,159
2015-11-21,88
2015-11-22,269
2015-11-23,225
2015-11-24,187
2015-11-25,100
2015-11-26,83
2015-11-27,88
2015-11-28,95
2015-11-29,169
2015-11-30,200
2015-12-01,189
2015-12-02,188
2015-12-03,213
2015-12-04,142
2015-12-05,120
2015-12-06,195
2015-12-07,211
2015-12-08,232
2015-12-09,218
2015-12-10,204
2015-12-11,119
2015-12-12,119
2015-12-13,197
2015-12-14,186
2015-12-15,190
2015-12-16,157
2015-12-17,140
2015-12-18,256
2015-12-19,137
2015-12-20,74
2015-12-21,41
2015-12-22,45
2015-12-23,23
2015-12-24,11
2015-12-25,12
2015-12-26,19
2015-12-27,32
2015-12-28,28
2015-12-29,21
2015-12-30,10
2015-12-31,11
2016-01-01,18
2016-01-02,39
2016-01-03,35
2016-01-04,39
2016-01-05,51
2016-01-06,56
2016-01-07,70
2016-01-08,41
2016-01-09,47
2016-01-10,58
2016-01-11,79
2016-01-12,64
2016-01-13,65
2016-01-14,61
2016-01-15,48
2016-01-16,54
2016-01-17,66
2016-01-18,87
2016-01-19,102
2016-01-20,118
2016-01-21,110
2016-01-22,99
2016-01-23,70
2016-01-24,93
2016-01-25,85
2016-01-26,91
2016-01-27,118
2016-01-28,118
2016-01-29,68
2016-01-30,79
2016-01-31,112
2016-02-01,89
2016-02-02,127
2016-02-03,118
2016-02-04,82
2016-02-05,45
2016-02-06,75
2016-02-07,92
2016-02-08,103
2016-02-09,120
2016-02-10,132
2016-02-11,103
2016-02-12,48
2016-02-13,52
2016-02-14,101
2016-02-15,85
2016-02-16,109
2016-02-17,99
2016-02-18,97
2016-02-19,56
2016-02-20,53
2016-02-21,142
2016-02-22,125
2016-02-23,141
2016-02-24,102
2016-02-25,88
2016-02-26,47
2016-02-27,60
2016-02-28,124
2016-02-29,125
2016-03-01,150
2016-03-02,147
2016-03-03,101
2016-03-04,71
2016-03-05,85
2016-03-06,132
2016-03-07,99
2016-03-08,132
2016-03-09,182
2016-03-10,115
2016-03-11,95
2016-03-12,99
2016-03-13,122
2016-03-14,156
2016-03-15,172
2016-03-16,143
2016-03-17,105
2016-03-18,89
2016-03-19,79
2016-03-20,115
2016-03-21,110
2016-03-22,145
2016-03-23,141
2016-03-24,100
2016-03-25,79
2016-03-26,76
2016-03-27,171
2016-03-28,152
2016-03-29,130
2016-03-30,156
2016-03-31,133
2016-04-01,111
2016-04-02,77
2016-04-03,183
2016-04-04,152
2016-04-05,180
2016-04-06,161
2016-04-07,145
2016-04-08,139
2016-04-09,95
2016-04-10,167
2016-04-11,189
2016-04-12,138
2016-04-13,178
2016-04-14,136
2016-04-15,101
2016-04-16,90
2016-04-17,175
2016-04-18,199
2016-04-19,200
2016-04-20,168
2016-04-21,172
2016-04-22,102
2016-04-23,95
2016-04-24,167
2016-04-25,140
2016-04-26,186
2016-04-27,160
2016-04-28,143
2016-04-29,105
2016-04-30,76
2016-05-01,159
2016-05-02,177
2016-05-03,193
2016-05-04,196
2016-05-05,151
2016-05-06,112
2016-05-07,93
2016-05-08,154
2016-05-09,166
2016-05-10,152
2016-05-11,145
2016-05-12,145
2016-05-13,89
2016-05-14,84
2016-05-15,146
2016-05-16,107
2016-05-17,109
2016-05-18,94
2016-05-19,65
2016-05-20,64
2016-05-21,55
2016-05-22,83
2016-05-23,77
2016-05-24,75
2016-05-25,86
2016-05-26,48
2016-05-27,40
2016-05-28,43
2016-05-29,81
2016-05-30,64
2016-05-31,71
2016-06-01,70
2016-06-02,54
2016-06-03,57
2016-06-04,35
2016-06-05,64
2016-06-06,67
2016-06-07,92
2016-06-08,85
2016-06-09,75
2016-06-10,44
2016-06-11,39
2016-06-12,72
2016-06-13,61
2016-06-14,68
2016-06-15,92
2016-06-16,66
2016-06-17,59
2016-06-18,53
2016-06-19,98
2016-06-20,68
2016-06-21,75
2016-06-22,88
2016-06-23,43
2016-06-24,47
2016-06-25,46
2016-06-26,74
2016-06-27,49
2016-06-28,52
2016-06-29,52
2016-06-30,48
2016-07-01,34
2016-07-02,31
2016-07-03,40
2016-07-04,40
2016-07-05,48
2016-07-06,58
2016-07-07,50
2016-07-08,48
2016-07-09,53
2016-07-10,60
2016-07-11,43
2016-07-12,77
2016-07-13,88
2016-07-14,61
2016-07-15,35
2016-07-16,56
2016-07-17,92
2016-07-18,71
2016-07-19,62
2016-07-20,69
2016-07-21,62
2016-07-22,57
2016-07-23,51
2016-07-24,93
2016-07-25,66
2016-07-26,78
2016-07-27,69
2016-07-28,91
2016-07-29,51
2016-07-30,51
2016-07-31,87
2016-08-01,69
2016-08-02,77
2016-08-03,97
2016-08-04,51
2016-08-05,38
2016-08-06,44
2016-08-07,80
2016-08-08,81
2016-08-09,64
2016-08-10,75
2016-08-11,52
2016-08-12,38
2016-08-13,45
2016-08-14,59
2016-08-15,59
2016-08-16,49
2016-08-17,42
2016-08-18,49
2016-08-19,39
2016-08-20,40
2016-08-21,65
2016-08-22,67
2016-08-23,56
2016-08-24,63
2016-08-25,60
2016-08-26,38
2016-08-27,67
2016-08-28,71
2016-08-29,74
2016-08-30,76
2016-08-31,87
2016-09-01,60
2016-09-02,69
2016-09-03,65
2016-09-04,105
2016-09-05,93
2016-09-06,104
2016-09-07,94
2016-09-08,107
2016-09-09,73
2016-09-10,85
2016-09-11,133
2016-09-12,105
2016-09-13,173
2016-09-14,111
2016-09-15,91
2016-09-16,85
2016-09-17,90
2016-09-18,177
2016-09-19,120
2016-09-20,102
2016-09-21,120
2016-09-22,166
2016-09-23,75
2016-09-24,86
2016-09-25,191
2016-09-26,155
2016-09-27,185
2016-09-28,221
2016-09-29,192
2016-09-30,80
2016-10-01,111
2016-10-02,202
2016-10-03,209
2016-10-04,248
2016-10-05,192
2016-10-06,165
2016-10-07,103
2016-10-08,115
2016-10-09,198
2016-10-10,218
2016-10-11,255
2016-10-12,212
2016-10-13,151
2016-10-14,135
2016-10-15,117
2016-10-16,247
2016-10-17,231
2016-10-18,223
2016-10-19,231
2016-10-20,170
2016-10-21,121
2016-10-22,140
2016-10-23,229
2016-10-24,227
2016-10-25,259
2016-10-26,250
2016-10-27,238
2016-10-28,157
2016-10-29,138
2016-10-30,275
2016-10-31,255
2016-11-01,302
2016-11-02,276
2016-11-03,246
2016-11-04,179
2016-11-05,200
2016-11-06,412
2016-11-07,313
2016-11-08,352
2016-11-09,277
2016-11-10,255
2016-11-11,226
2016-11-12,194
2016-11-13,416
2016-11-14,302
2016-11-15,336
2016-11-16,327
2016-11-17,293
2016-11-18,201
2016-11-19,181
2016-11-20,350
2016-11-21,320
2016-11-22,220
2016-11-23,158
2016-11-24,152
2016-11-25,148
2016-11-26,190
2016-11-27,343
2016-11-28,272
2016-11-29,273
2016-11-30,296
2016-12-01,259
2016-12-02,149
2016-12-03,183
2016-12-04,281
2016-12-05,238
2016-12-06,250
2016-12-07,300
2016-12-08,193
2016-12-09,194
2016-12-10,173
2016-12-11,251
2016-12-12,285
2016-12-13,289
2016-12-14,237
2016-12-15,191
2016-12-16,114
2016-12-17,84
2016-12-18,136
2016-12-19,130
2016-12-20,106
2016-12-21,72
2016-12-22,46
2016-12-23,37
2016-12-24,22
2016-12-25,29
2016-12-26,41
2016-12-27,44
2016-12-28,50
2016-12-29,48
2016-12-30,35
2016-12-31,34
2017-01-01,40
2017-01-02,66
2017-01-03,68
2017-01-04,70
2017-01-05,53
2017-01-06,66
2017-01-07,82
2017-01-08,74
2017-01-09,103
2017-01-10,111
2017-01-11,93
2017-01-12,80
2017-01-13,94
2017-01-14,126
2017-01-15,114
2017-01-16,196
2017-01-17,150
2017-01-18,181
2017-01-19,141
2017-01-20,95
2017-01-21,162
2017-01-22,200
2017-01-23,178
2017-01-24,178
2017-01-25,175
2017-01-26,139
2017-01-27,133
2017-01-28,127
2017-01-29,227
2017-01-30,187
2017-01-31,164
2017-02-01,176
2017-02-02,147
2017-02-03,94
2017-02-04,129
2017-02-05,174
2017-02-06,209
2017-02-07,179
2017-02-08,137
2017-02-09,156
2017-02-10,136
2017-02-11,109
2017-02-12,185
2017-02-13,147
2017-02-14,124
2017-02-15,174
2017-02-16,151
2017-02-17,104
2017-02-18,98
2017-02-19,177
2017-02-20,137
2017-02-21,174
2017-02-22,147
2017-02-23,134
2017-02-24,117
2017-02-25,131
2017-02-26,182
2017-02-27,231
2017-02-28,169
2017-03-01,133
2017-03-02,139
2017-03-03,98
2017-03-04,122
2017-03-05,210
2017-03-06,158
2017-03-07,162
2017-03-08,145
2017-03-09,124
2017-03-10,125
2017-03-11,101
2017-03-12,148
2017-03-13,155
2017-03-14,315
2017-03-15,305
2017-03-16,177
2017-03-17,185
2017-03-18,190
2017-03-19,212
2017-03-20,166
2017-03-21,174
2017-03-22,188
2017-03-23,114
2017-03-24,106
2017-03-25,143
2017-03-26,220
2017-03-27,190
2017-03-28,212
2017-03-29,202
2017-03-30,159
2017-03-31,116
2017-04-01,114
2017-04-02,195
2017-04-03,177
2017-04-04,209
2017-04-05,199
2017-04-06,184
2017-04-07,159
2017-04-08,135
2017-04-09,202
2017-04-10,196
2017-04-11,153
2017-04-12,203
2017-04-13,169
2017-04-14,117
2017-04-15,163
2017-04-16,228
2017-04-17,225
2017-04-18,188
2017-04-19,245
2017-04-20,189
2017-04-21,168
2017-04-22,180
2017-04-23,223
2017-04-24,225
2017-04-25,207
2017-04-26,195
2017-04-27,184
2017-04-28,128
2017-04-29,135
2017-04-30,181
2017-05-01,193
2017-05-02,178
2017-05-03,216
2017-05-04,149
2017-05-05,132
2017-05-06,156
2017-05-07,222
2017-05-08,210
2017-05-09,261
2017-05-10,262
2017-05-11,158
2017-05-12,126
2017-05-13,130
2017-05-14,169
2017-05-15,193
2017-05-16,143
2017-05-17,143
2017-05-18,152
2017-05-19,112
2017-05-20,126
2017-05-21,181
2017-05-22,150
2017-05-23,108
2017-05-24,139
2017-05-25,116
2017-05-26,88
2017-05-27,67
2017-05-28,104
2017-05-29,112
2017-05-30,117
2017-05-31,118
2017-06-01,113
2017-06-02,86
2017-06-03,71
2017-06-04,135
2017-06-05,135
2017-06-06,132
2017-06-07,94
2017-06-08,101
2017-06-09,82
2017-06-10,87
2017-06-11,148
2017-06-12,102
2017-06-13,103
2017-06-14,127
2017-06-15,77
2017-06-16,84
2017-06-17,73
2017-06-18,82
2017-06-19,101
2017-06-20,96
2017-06-21,89
2017-06-22,100
2017-06-23,65
2017-06-24,69
2017-06-25,86
2017-06-26,110
2017-06-27,100
2017-06-28,97
2017-06-29,80
2017-06-30,70
2017-07-01,55
2017-07-02,69
2017-07-03,81
2017-07-04,61
2017-07-05,88
2017-07-06,93
2017-07-07,74
2017-07-08,82
2017-07-09,97
2017-07-10,117
2017-07-11,137
2017-07-12,108
2017-07-13,113
2017-07-14,99
2017-07-15,97
2017-07-16,149
2017-07-17,113
2017-07-18,113
2017-07-19,135
2017-07-20,107
2017-07-21,103
2017-07-22,103
2017-07-23,125
2017-07-24,138
2017-07-25,126
2017-07-26,150
2017-07-27,113
2017-07-28,98
2017-07-29,88
2017-07-30,96
2017-07-31,117
2017-08-01,119
2017-08-02,144
2017-08-03,121
2017-08-04,95
2017-08-05,80
2017-08-06,103
2017-08-07,125
2017-08-08,117
2017-08-09,99
2017-08-10,117
2017-08-11,64
2017-08-12,71
2017-08-13,121
2017-08-14,107
2017-08-15,168
2017-08-16,110
2017-08-17,129
2017-08-18,95
2017-08-19,79
2017-08-20,130
2017-08-21,138
2017-08-22,124
2017-08-23,116
2017-08-24,115
2017-08-25,101
2017-08-26,88
2017-08-27,125
2017-08-28,114
2017-08-29,112
2017-08-30,109
2017-08-31,111
2017-09-01,109
2017-09-02,86
2017-09-03,125
2017-09-04,144
2017-09-05,166
2017-09-06,208
2017-09-07,241
2017-09-08,239
2017-09-09,198
2017-09-10,275
2017-09-11,273
2017-09-12,253
2017-09-13,315
2017-09-14,250
2017-09-15,243
2017-09-16,244
2017-09-17,397
2017-09-18,369
2017-09-19,410
2017-09-20,303
2017-09-21,314
2017-09-22,249
2017-09-23,273
2017-09-24,425
2017-09-25,420
2017-09-26,268
2017-09-27,337
2017-09-28,324
2017-09-29,248
2017-09-30,244
2017-10-01,394
2017-10-02,534
2017-10-03,343
2017-10-04,474
2017-10-05,391
2017-10-06,257
2017-10-07,274
2017-10-08,370
2017-10-09,437
2017-10-10,374
2017-10-11,416
2017-10-12,343
2017-10-13,274
2017-10-14,265
2017-10-15,474
2017-10-16,429
2017-10-17,359
2017-10-18,448
2017-10-19,322
2017-10-20,260
2017-10-21,267
2017-10-22,442
2017-10-23,517
2017-10-24,444
2017-10-25,424
2017-10-26,421
2017-10-27,321
2017-10-28,278
2017-10-29,468
2017-10-30,574
2017-10-31,426
2017-11-01,544
2017-11-02,433
2017-11-03,340
2017-11-04,402
2017-11-05,673
2017-11-06,784
2017-11-07,484
2017-11-08,640
2017-11-09,509
2017-11-10,338
2017-11-11,380
2017-11-12,495
2017-11-13,566
2017-11-14,506
2017-11-15,611
2017-11-16,452
2017-11-17,395
2017-11-18,361
2017-11-19,473
2017-11-20,548
2017-11-21,408
2017-11-22,418
2017-11-23,283
2017-11-24,261
2017-11-25,264
2017-11-26,521
2017-11-27,639
2017-11-28,426
2017-11-29,439
2017-11-30,334
2017-12-01,279
2017-12-02,295
2017-12-03,459
2017-12-04,550
2017-12-05,412
2017-12-06,422
2017-12-07,345
2017-12-08,269
2017-12-09,315
2017-12-10,413
2017-12-11,528
2017-12-12,319
2017-12-13,403
2017-12-14,374
2017-12-15,214
2017-12-16,172
2017-12-17,236
2017-12-18,256
2017-12-19,211
2017-12-20,193
2017-12-21,174
2017-12-22,111
2017-12-23,91
2017-12-24,65
2017-12-25,103
2017-12-26,135
2017-12-27,137
2017-12-28,181
2017-12-29,103
2017-12-30,116
2017-12-31,107
2018-01-01,112
2018-01-02,168
2018-01-03,194
2018-01-04,233
2018-01-05,195
2018-01-06,162
2018-01-07,192
2018-01-08,194
2018-01-09,263
2018-01-10,264
2018-01-11,231
2018-01-12,184
2018-01-13,307
2018-01-14,245
2018-01-15,270
2018-01-16,274
2018-01-17,257
2018-01-18,270
2018-01-19,192
2018-01-20,220
2018-01-21,375
2018-01-22,350
2018-01-23,302
2018-01-24,312
2018-01-25,291
2018-01-26,261
2018-01-27,224
2018-01-28,342
2018-01-29,355
2018-01-30,300
2018-01-31,237
2018-02-01,335
2018-02-02,226
2018-02-03,253
2018-02-04,334
2018-02-05,375
2018-02-06,304
2018-02-07,358
2018-02-08,286
2018-02-09,219
2018-02-10,222
2018-02-11,340
2018-02-12,426
2018-02-13,387
2018-02-14,332
2018-02-15,370
2018-02-16,225
2018-02-17,242
2018-02-18,323
2018-02-19,402
2018-02-20,354
2018-02-21,344
2018-02-22,321
2018-02-23,236
2018-02-24,224
2018-02-25,370
2018-02-26,434
2018-02-27,372
2018-02-28,388
2018-03-01,316
2018-03-02,280
2018-03-03,262
2018-03-04,398
2018-03-05,484
2018-03-06,392
2018-03-07,439
2018-03-08,415
2018-03-09,335
2018-03-10,316
2018-03-11,461
2018-03-12,551
2018-03-13,426
2018-03-14,411
2018-03-15,485
2018-03-16,332
2018-03-17,322
2018-03-18,514
2018-03-19,504
2018-03-20,495
2018-03-21,569
2018-03-22,518
2018-03-23,336
2018-03-24,366
2018-03-25,516
2018-03-26,493
2018-03-27,439
2018-03-28,441
2018-03-29,372
2018-03-30,369
2018-03-31,359
2018-04-01,418
2018-04-02,516
2018-04-03,427
2018-04-04,418
2018-04-05,435
2018-04-06,376
2018-04-07,380
2018-04-08,520
2018-04-09,538
2018-04-10,661
2018-04-11,439
2018-04-12,460
2018-04-13,401
2018-04-14,361
2018-04-15,428
2018-04-16,551
2018-04-17,463
2018-04-18,499
2018-04-19,566
2018-04-20,443
2018-04-21,421
2018-04-22,579
2018-04-23,535
2018-04-24,504
2018-04-25,551
2018-04-26,427
2018-04-27,327
2018-04-28,279
2018-04-29,461
2018-04-30,478
2018-05-01,513
2018-05-02,504
2018-05-03,486
2018-05-04,341
2018-05-05,355
2018-05-06,414
2018-05-07,537
2018-05-08,550
2018-05-09,525
2018-05-10,456
2018-05-11,320
2018-05-12,344
2018-05-13,437
2018-05-14,407
2018-05-15,384
2018-05-16,411
2018-05-17,335
2018-05-18,261
2018-05-19,331
2018-05-20,410
2018-05-21,426
2018-05-22,416
2018-05-23,461
2018-05-24,345
2018-05-25,338
2018-05-26,269
2018-05-27,373
2018-05-28,361
2018-05-29,379
2018-05-30,327
2018-05-31,299
2018-06-01,267
2018-06-02,293
2018-06-03,326
2018-06-04,338
2018-06-05,434
2018-06-06,385
2018-06-07,321
2018-06-08,265
2018-06-09,212
2018-06-10,308
2018-06-11,333
2018-06-12,310
2018-06-13,291
2018-06-14,285
2018-06-15,173
2018-06-16,201
2018-06-17,277
2018-06-18,315
2018-06-19,293
2018-06-20,304
2018-06-21,257
2018-06-22,227
2018-06-23,205
2018-06-24,243
2018-06-25,268
2018-06-26,230
2018-06-27,217
2018-06-28,249
2018-06-29,204
2018-06-30,157
2018-07-01,196
2018-07-02,202
2018-07-03,224
2018-07-04,267
2018-07-05,226
2018-07-06,186
2018-07-07,200
2018-07-08,254
2018-07-09,278
2018-07-10,242
2018-07-11,285
2018-07-12,320
2018-07-13,226
2018-07-14,207
2018-07-15,264
2018-07-16,253
2018-07-17,299
2018-07-18,305
2018-07-19,256
2018-07-20,182
2018-07-21,201
2018-07-22,209
2018-07-23,300
2018-07-24,267
2018-07-25,258
2018-07-26,285
2018-07-27,203
2018-07-28,226
2018-07-29,259
2018-07-30,279
2018-07-31,268
2018-08-01,236
2018-08-02,277
2018-08-03,229
2018-08-04,202
2018-08-05,247
2018-08-06,314
2018-08-07,278
2018-08-08,297
2018-08-09,259
2018-08-10,197
2018-08-11,190
2018-08-12,254
2018-08-13,267
2018-08-14,239
2018-08-15,266
2018-08-16,232
2018-08-17,187
2018-08-18,188
2018-08-19,228
2018-08-20,257
2018-08-21,256
2018-08-22,260
2018-08-23,255
2018-08-24,181
2018-08-25,189
2018-08-26,231
2018-08-27,354
2018-08-28,332
2018-08-29,284
2018-08-30,280
2018-08-31,216
2018-09-01,201
2018-09-02,272
2018-09-03,308
2018-09-04,344
2018-09-05,397
2018-09-06,407
2018-09-07,343
2018-09-08,308
2018-09-09,572
2018-09-10,597
2018-09-11,475
2018-09-12,423
2018-09-13,493
2018-09-14,362
2018-09-15,389
2018-09-16,555
2018-09-17,617
2018-09-18,609
2018-09-19,672
2018-09-20,430
2018-09-21,426
2018-09-22,476
2018-09-23,526
2018-09-24,712
2018-09-25,623
2018-09-26,627
2018-09-27,545
2018-09-28,427
2018-09-29,395
2018-09-30,593
2018-10-01,633
2018-10-02,594
2018-10-03,653
2018-10-04,723
2018-10-05,409
2018-10-06,427
2018-10-07,517
2018-10-08,727
2018-10-09,613
2018-10-10,593
2018-10-11,580
2018-10-12,397
2018-10-13,387
2018-10-14,717
2018-10-15,718
2018-10-16,575
2018-10-17,710
2018-10-18,596
2018-10-19,435
2018-10-20,474
2018-10-21,794
2018-10-22,876
2018-10-23,681
2018-10-24,772
2018-10-25,586
2018-10-26,513
2018-10-27,480
2018-10-28,781
2018-10-29,771
2018-10-30,723
2018-10-31,607
2018-11-01,580
2018-11-02,452
2018-11-03,542
2018-11-04,725
2018-11-05,858
2018-11-06,673
2018-11-07,640
2018-11-08,751
2018-11-09,684
2018-11-10,442
2018-11-11,614
2018-11-12,690
2018-11-13,821
2018-11-14,764
2018-11-15,611
2018-11-16,496
2018-11-17,390
2018-11-18,663
2018-11-19,683
2018-11-20,636
2018-11-21,624
2018-11-22,491
2018-11-23,418
2018-11-24,408
2018-11-25,643
2018-11-26,773
2018-11-27,734
2018-11-28,684
2018-11-29,720
2018-11-30,476
2018-12-01,499
2018-12-02,687
2018-12-03,836
2018-12-04,766
2018-12-05,690
2018-12-06,606
2018-12-07,435
2018-12-08,443
2018-12-09,628
2018-12-10,679
2018-12-11,655
2018-12-12,599
2018-12-13,485
2018-12-14,372
2018-12-15,299
2018-12-16,390
2018-12-17,384
2018-12-18,365
2018-12-19,274
2018-12-20,236
2018-12-21,192
2018-12-22,142
2018-12-23,176
2018-12-24,136
2018-12-25,143
2018-12-26,204
2018-12-27,216
2018-12-28,216
2018-12-29,119
2018-12-30,136
2018-12-31,117
2019-01-01,196
2019-01-02,229
2019-01-03,254
2019-01-04,261
2019-01-05,235
2019-01-06,291
2019-01-07,300
2019-01-08,335
2019-01-09,317
2019-01-10,343
2019-01-11,282
2019-01-12,331
2019-01-13,365
2019-01-14,406
2019-01-15,468
2019-01-16,416
2019-01-17,440
2019-01-18,277
2019-01-19,236
2019-01-20,431
2019-01-21,557
2019-01-22,591
2019-01-23,494
2019-01-24,381
2019-01-25,293
2019-01-26,375
2019-01-27,502
2019-01-28,488
2019-01-29,416
2019-01-30,403
2019-01-31,405
2019-02-01,318
2019-02-02,347
2019-02-03,441
2019-02-04,466
2019-02-05,580
2019-02-06,631
2019-02-07,493
2019-02-08,311
2019-02-09,353
2019-02-10,515
2019-02-11,611
2019-02-12,578
2019-02-13,483
2019-02-14,466
2019-02-15,330
2019-02-16,304
2019-02-17,463
2019-02-18,476
2019-02-19,465
2019-02-20,465
2019-02-21,525
2019-02-22,385
2019-02-23,369
2019-02-24,542
2019-02-25,486
2019-02-26,605
2019-02-27,534
2019-02-28,496
2019-03-01,366
2019-03-02,396
2019-03-03,585
2019-03-04,677
2019-03-05,714
2019-03-06,560
2019-03-07,450
2019-03-08,429
2019-03-09,395
2019-03-10,493
2019-03-11,762
2019-03-12,666
2019-03-13,634
2019-03-14,487
2019-03-15,401
2019-03-16,421
2019-03-17,508
2019-03-18,750
2019-03-19,675
2019-03-20,659
2019-03-21,605
2019-03-22,472
2019-03-23,446
2019-03-24,601
2019-03-25,609
2019-03-26,813
2019-03-27,885
2019-03-28,589
2019-03-29,518
2019-03-30,394
2019-03-31,566
2019-04-01,743
2019-04-02,696
2019-04-03,692
2019-04-04,646
2019-04-05,519
2019-04-06,485
2019-04-07,693
2019-04-08,823
2019-04-09,734
2019-04-10,619
2019-04-11,624
2019-04-12,525
2019-04-13,442
2019-04-14,598
2019-04-15,644
2019-04-16,730
2019-04-17,570
2019-04-18,486
2019-04-19,507
2019-04-20,420
2019-04-21,503
2019-04-22,731
2019-04-23,932
2019-04-24,527
2019-04-25,559
2019-04-26,409
2019-04-27,380
2019-04-28,624
2019-04-29,485
2019-04-30,500
2019-05-01,537
2019-05-02,499
2019-05-03,349
2019-05-04,343
2019-05-05,484
2019-05-06,500
2019-05-07,506
2019-05-08,536
2019-05-09,435
2019-05-10,362
2019-05-11,373
2019-05-12,467
2019-05-13,462
2019-05-14,511
2019-05-15,466
2019-05-16,455
2019-05-17,429
2019-05-18,302
2019-05-19,445
2019-05-20,425
2019-05-21,382
2019-05-22,444
2019-05-23,396
2019-05-24,286
2019-05-25,291
2019-05-26,418
2019-05-27,400
2019-05-28,335
2019-05-29,348
2019-05-30,368
2019-05-31,243
2019-06-01,196
2019-06-02,262
2019-06-03,272
2019-06-04,269
2019-06-05,273
2019-06-06,277
2019-06-07,220
2019-06-08,241
2019-06-09,316
2019-06-10,390
2019-06-11,359
2019-06-12,311
2019-06-13,323
2019-06-14,221
2019-06-15,220
2019-06-16,319
2019-06-17,321
2019-06-18,392
2019-06-19,337
2019-06-20,274
2019-06-21,239
2019-06-22,177
2019-06-23,293
2019-06-24,243
2019-06-25,230
2019-06-26,284
2019-06-27,218
2019-06-28,183
2019-06-29,198
2019-06-30,235
2019-07-01,221
2019-07-02,283
2019-07-03,226
2019-07-04,222
2019-07-05,212
2019-07-06,196
2019-07-07,253
2019-07-08,350
2019-07-09,337
2019-07-10,320
2019-07-11,251
2019-07-12,190
2019-07-13,254
2019-07-14,278
2019-07-15,237
2019-07-16,351
2019-07-17,292
2019-07-18,278
2019-07-19,250
2019-07-20,217
2019-07-21,265
2019-07-22,230
2019-07-23,259
2019-07-24,221
2019-07-25,240
2019-07-26,236
2019-07-27,174
2019-07-28,202
2019-07-29,236
2019-07-30,287
2019-07-31,283
2019-08-01,258
2019-08-02,212
2019-08-03,208
2019-08-04,293
2019-08-05,255
2019-08-06,323
2019-08-07,262
2019-08-08,314
2019-08-09,223
2019-08-10,197
2019-08-11,293
2019-08-12,297
2019-08-13,257
2019-08-14,275
2019-08-15,240
2019-08-16,197
2019-08-17,204
2019-08-18,286
2019-08-19,291
2019-08-20,508
2019-08-21,324
2019-08-22,291
2019-08-23,247
2019-08-24,208
2019-08-25,273
2019-08-26,311
2019-08-27,290
2019-08-28,279
2019-08-29,340
2019-08-30,279
2019-08-31,256
2019-09-01,297
2019-09-02,417
2019-09-03,408
2019-09-04,433
2019-09-05,409
2019-09-06,369
2019-09-07,380
2019-09-08,460
2019-09-09,520
2019-09-10,586
2019-09-11,565
2019-09-12,527
2019-09-13,453
2019-09-14,318
2019-09-15,490
2019-09-16,510
2019-09-17,642
2019-09-18,568
2019-09-19,594
2019-09-20,505
2019-09-21,437
2019-09-22,553
2019-09-23,621
2019-09-24,705
2019-09-25,665
2019-09-26,598
2019-09-27,448
2019-09-28,452
2019-09-29,632
2019-09-30,564
2019-10-01,673
2019-10-02,656
2019-10-03,523
2019-10-04,515
2019-10-05,394
2019-10-06,584
2019-10-07,616
2019-10-08,751
2019-10-09,800
2019-10-10,515
2019-10-11,438
2019-10-12,391
2019-10-13,579
2019-10-14,555
2019-10-15,622
2019-10-16,603
2019-10-17,540
2019-10-18,467
2019-10-19,431
2019-10-20,606
2019-10-21,654
2019-10-22,673
2019-10-23,807
2019-10-24,579
2019-10-25,515
2019-10-26,404
2019-10-27,557
2019-10-28,723
2019-10-29,710
2019-10-30,758
2019-10-31,591
2019-11-01,602
2019-11-02,575
2019-11-03,733
2019-11-04,734
2019-11-05,794
2019-11-06,959
2019-11-07,629
2019-11-08,493
2019-11-09,447
2019-11-10,598
2019-11-11,737
2019-11-12,776
2019-11-13,812
2019-11-14,666
2019-11-15,553
2019-11-16,559
2019-11-17,690
2019-11-18,741
2019-11-19,792
2019-11-20,770
2019-11-21,603
2019-11-22,459
2019-11-23,459
2019-11-24,618
2019-11-25,613
2019-11-26,636
2019-11-27,606
2019-11-28,478
2019-11-29,462
2019-11-30,450
2019-12-01,538
2019-12-02,699
2019-12-03,722
2019-12-04,783
2019-12-05,640
2019-12-06,522
2019-12-07,460
2019-12-08,720
2019-12-09,741
2019-12-10,750
2019-12-11,834
2019-12-12,590
2019-12-13,494
2019-12-14,386
2019-12-15,498
2019-12-16,465
2019-12-17,517
2019-12-18,384
2019-12-19,290
2019-12-20,281
2019-12-21,229
2019-12-22,257
2019-12-23,276
2019-12-24,211
2019-12-25,201
2019-12-26,269
2019-12-27,253
2019-12-28,202
2019-12-29,228
2019-12-30,337
2019-12-31,195
2020-01-01,218
2020-01-02,360
2020-01-03,338
2020-01-04,308
2020-01-05,346
2020-01-06,399
2020-01-07,432
2020-01-08,466
2020-01-09,364
2020-01-10,346
2020-01-11,285
2020-01-12,449
2020-01-13,423
2020-01-14,468
2020-01-15,422
2020-01-16,437
2020-01-17,396
2020-01-18,412
2020-01-19,480
2020-01-20,471
2020-01-21,539
2020-01-22,445
2020-01-23,465
2020-01-24,396
2020-01-25,385
2020-01-26,505
2020-01-27,488
2020-01-28,522
2020-01-29,463
2020-01-30,474
2020-01-31,375
2020-02-01,333
2020-02-02,452
2020-02-03,558
2020-02-04,615
2020-02-05,524
2020-02-06,573
2020-02-07,419
2020-02-08,426
2020-02-09,529
2020-02-10,625
2020-02-11,621
2020-02-12,600
2020-02-13,544
2020-02-14,390
2020-02-15,433
2020-02-16,543
2020-02-17,650
2020-02-18,605
2020-02-19,608
2020-02-20,553
2020-02-21,442
2020-02-22,461
2020-02-23,691
2020-02-24,621
2020-02-25,586
2020-02-26,638
2020-02-27,672
2020-02-28,481
2020-02-29,436
2020-03-01,623
2020-03-02,723
2020-03-03,749
2020-03-04,708
2020-03-05,555
2020-03-06,450
2020-03-07,446
2020-03-08,557
2020-03-09,614
2020-03-10,630
2020-03-11,621
2020-03-12,725
2020-03-13,465
2020-03-14,450
2020-03-15,609
2020-03-16,511
2020-03-17,568
2020-03-18,619
2020-03-19,537
2020-03-20,492
2020-03-21,495
2020-03-22,536
2020-03-23,639
2020-03-24,660
2020-03-25,644
2020-03-26,689
2020-03-27,603
2020-03-28,576
2020-03-29,733
2020-03-30,721
2020-03-31,708
2020-04-01,709
2020-04-02,724
2020-04-03,713
2020-04-04,586
2020-04-05,729
2020-04-06,765
2020-04-07,823
2020-04-08,597
2020-04-09,568
2020-04-10,545
2020-04-11,578
2020-04-12,782
2020-04-13,715
2020-04-14,704
2020-04-15,724
2020-04-16,711
2020-04-17,678
2020-04-18,639
2020-04-19,667
2020-04-20,729
2020-04-21,784
2020-04-22,873
2020-04-23,772
2020-04-24,691
2020-04-25,606
2020-04-26,722
2020-04-27,793
2020-04-28,808
2020-04-29,749
2020-04-30,682
2020-05-01,624
2020-05-02,521
2020-05-03,654
2020-05-04,688
2020-05-05,718
2020-05-06,711
2020-05-07,710
2020-05-08,634
2020-05-09,519
2020-05-10,593
2020-05-11,827
2020-05-12,805
2020-05-13,804
2020-05-14,768
2020-05-15,598
2020-05-16,605
2020-05-17,587
2020-05-18,655
2020-05-19,733
2020-05-20,838
2020-05-21,603
2020-05-22,532
2020-05-23,479
2020-05-24,444
2020-05-25,578
2020-05-26,591
2020-05-27,582
2020-05-28,547
2020-05-29,541
2020-05-30,543
2020-05-31,654
2020-06-01,690
2020-06-02,626
2020-06-03,657
2020-06-04,584
2020-06-05,541
2020-06-06,484
2020-06-07,574
2020-06-08,604
2020-06-09,642
2020-06-10,619
2020-06-11,748
2020-06-12,559
2020-06-13,535
2020-06-14,565
2020-06-15,674
2020-06-16,704
2020-06-17,699
2020-06-18,665
2020-06-19,532
2020-06-20,485
2020-06-21,502
2020-06-22,687
2020-06-23,687
2020-06-24,629
2020-06-25,580
2020-06-26,542
2020-06-27,527
2020-06-28,549
2020-06-29,520
2020-06-30,525
2020-07-01,481
2020-07-02,503
2020-07-03,486
2020-07-04,495
2020-07-05,583
2020-07-06,660
2020-07-07,673
2020-07-08,555
2020-07-09,518
2020-07-10,475
2020-07-11,421
2020-07-12,553
2020-07-13,581
2020-07-14,581
2020-07-15,524
2020-07-16,553
2020-07-17,446
2020-07-18,421
2020-07-19,553
2020-07-20,597
2020-07-21,525
2020-07-22,477
2020-07-23,461
2020-07-24,429
2020-07-25,464
2020-07-26,517
2020-07-27,511
2020-07-28,534
2020-07-29,488
2020-07-30,413
2020-07-31,344
2020-08-01,335
2020-08-02,357
2020-08-03,491
2020-08-04,436
2020-08-05,474
2020-08-06,443
2020-08-07,457
2020-08-08,427
2020-08-09,441
2020-08-10,499
2020-08-11,477
2020-08-12,441
2020-08-13,423
2020-08-14,369
2020-08-15,352
2020-08-16,509
2020-08-17,513
2020-08-18,542
2020-08-19,552
2020-08-20,551
2020-08-21,476
2020-08-22,414
2020-08-23,494
2020-08-24,569
2020-08-25,602
2020-08-26,631
2020-08-27,757
2020-08-28,581
2020-08-29,466
2020-08-30,560
2020-08-31,664
2020-09-01,702
2020-09-02,801
2020-09-03,788
2020-09-04,663
2020-09-05,522
2020-09-06,697
2020-09-07,951
2020-09-08,856
2020-09-09,978
2020-09-10,1017
2020-09-11,1032
2020-09-12,750
2020-09-13,1010
2020-09-14,1059
2020-09-15,1131
2020-09-16,1143
2020-09-17,1180
2020-09-18,1002
2020-09-19,831
2020-09-20,1013
2020-09-21,1346
2020-09-22,1266
2020-09-23,1192
2020-09-24,1052
2020-09-25,935
2020-09-26,881
2020-09-27,1258
2020-09-28,1314
2020-09-29,1277
2020-09-30,1515
2020-10-01,991
2020-10-02,830
2020-10-03,820
2020-10-04,1078
2020-10-05,1114
2020-10-06,1177
2020-10-07,1225
2020-10-08,1046
2020-10-09,942
2020-10-10,793
2020-10-11,996
2020-10-12,1161
2020-10-13,1234
2020-10-14,1179
2020-10-15,1133
2020-10-16,968
2020-10-17,794
2020-10-18,1144
2020-10-19,1348
2020-10-20,1302
2020-10-21,1290
2020-10-22,1066
2020-10-23,811
2020-10-24,734
2020-10-25,968
2020-10-26,1203
2020-10-27,1098
2020-10-28,1250
2020-10-29,958
2020-10-30,838
2020-10-31,708
2020-11-01,1090
2020-11-02,1157
2020-11-03,1062
2020-11-04,1275
2020-11-05,1013
2020-11-06,865
2020-11-07,793
2020-11-08,1079
2020-11-09,1120
2020-11-10,1106
2020-11-11,1160
2020-11-12,956
2020-11-13,670
2020-11-14,611
2020-11-15,843
2020-11-16,1191
2020-11-17,1157
2020-11-18,1273
2020-11-19,1069
2020-11-20,915
2020-11-21,788
2020-11-22,940
2020-11-23,1080
2020-11-24,1079
2020-11-25,1128
2020-11-26,758
2020-11-27,663
2020-11-28,744
2020-11-29,834
2020-11-30,1102
2020-12-01,999
2020-12-02,1121
2020-12-03,802
2020-12-04,675
2020-12-05,573
2020-12-06,785
2020-12-07,911
2020-12-08,856
2020-12-09,898
2020-12-10,895
2020-12-11,693
2020-12-12,575
2020-12-13,738
2020-12-14,703
2020-12-15,851
2020-12-16,873
2020-12-17,561
2020-12-18,457
2020-12-19,385
2020-12-20,525
2020-12-21,450
2020-12-22,431
2020-12-23,352
2020-12-24,265
2020-12-25,231
2020-12-26,324
2020-12-27,319
2020-12-28,373
2020-12-29,341
2020-12-30,328
2020-12-31,174
2021-01-01,247
2021-01-02,292
2021-01-03,396
2021-01-04,455
2021-01-05,524
2021-01-06,604
2021-01-07,606
2021-01-08,568
2021-01-09,478
2021-01-10,542
2021-01-11,595
2021-01-12,773
2021-01-13,1061
2021-01-14,712
2021-01-15,502
2021-01-16,460
2021-01-17,629
2021-01-18,792
2021-01-19,827
2021-01-20,987
2021-01-21,706
2021-01-22,599
2021-01-23,614
2021-01-24,734
2021-01-25,808
2021-01-26,911
2021-01-27,1022
2021-01-28,741
2021-01-29,678
2021-01-30,617
2021-01-31,715
2021-02-01,860
2021-02-02,992
2021-02-03,1097
2021-02-04,767
2021-02-05,661
2021-02-06,561
2021-02-07,633
2021-02-08,867
2021-02-09,928
2021-02-10,881
2021-02-11,723
2021-02-12,667
2021-02-13,609
2021-02-14,703
2021-02-15,694
2021-02-16,718
2021-02-17,806
2021-02-18,684
2021-02-19,621
2021-02-20,574
2021-02-21,680
2021-02-22,843
2021-02-23,1013
2021-02-24,984
2021-02-25,718
2021-02-26,693
2021-02-27,614
2021-02-28,817
2021-03-01,830
2021-03-02,972
2021-03-03,1028
2021-03-04,696
2021-03-05,700
2021-03-06,587
2021-03-07,730
2021-03-08,871
2021-03-09,1149
2021-03-10,1417
2021-03-11,816
2021-03-12,598
2021-03-13,529
2021-03-14,765
2021-03-15,844
2021-03-16,1069
2021-03-17,1057
2021-03-18,888
2021-03-19,750
2021-03-20,664
2021-03-21,813
2021-03-22,890
2021-03-23,895
2021-03-24,988
2021-03-25,715
2021-03-26,668
2021-03-27,617
2021-03-28,729
2021-03-29,814
2021-03-30,766
2021-03-31,837
2021-04-01,545
2021-04-02,511
2021-04-03,525
2021-04-04,613
2021-04-05,742
2021-04-06,864
2021-04-07,943
2021-04-08,767
2021-04-09,711
2021-04-10,660
2021-04-11,672
2021-04-12,840
2021-04-13,912
2021-04-14,959
2021-04-15,821
2021-04-16,608
2021-04-17,597
2021-04-18,775
2021-04-19,774
2021-04-20,775
2021-04-21,763
2021-04-22,695
2021-04-23,648
2021-04-24,535
2021-04-25,678
2021-04-26,727
2021-04-27,716
2021-04-28,737
2021-04-29,705
2021-04-30,518
2021-05-01,506
2021-05-02,739
2021-05-03,725
2021-05-04,737
2021-05-05,704
2021-05-06,657
2021-05-07,510
2021-05-08,419
2021-05-09,582
2021-05-10,662
2021-05-11,611
2021-05-12,607
2021-05-13,590
2021-05-14,507
2021-05-15,449
2021-05-16,538
2021-05-17,773
2021-05-18,702
2021-05-19,698
2021-05-20,680
2021-05-21,459
2021-05-22,466
2021-05-23,540
2021-05-24,641
2021-05-25,680
2021-05-26,648
2021-05-27,554
2021-05-28,488
2021-05-29,431
2021-05-30,422
2021-05-31,471
2021-06-01,492
2021-06-02,542
2021-06-03,504
2021-06-04,465
2021-06-05,366
2021-06-06,449
2021-06-07,557
2021-06-08,493
2021-06-09,482
2021-06-10,484
2021-06-11,434
2021-06-12,362
2021-06-13,421
2021-06-14,476
2021-06-15,433
2021-06-16,476
2021-06-17,398
2021-06-18,287
2021-06-19,340
2021-06-20,371
2021-06-21,449
2021-06-22,420
2021-06-23,396
2021-06-24,382
2021-06-25,322
2021-06-26,366
2021-06-27,384
2021-06-28,450
2021-06-29,397
2021-06-30,340
2021-07-01,387
2021-07-02,323
2021-07-03,318
2021-07-04,355
2021-07-05,470
2021-07-06,447
2021-07-07,408
2021-07-08,377
2021-07-09,351
2021-07-10,302
2021-07-11,356
2021-07-12,415
2021-07-13,389
2021-07-14,404
2021-07-15,369
2021-07-16,357
2021-07-17,300
2021-07-18,344
2021-07-19,386
2021-07-20,353
2021-07-21,422
2021-07-22,372
2021-07-23,269
2021-07-24,258
2021-07-25,354
2021-07-26,429
2021-07-27,408
2021-07-28,373
2021-07-29,374
2021-07-30,293
2021-07-31,270
2021-08-01,317
2021-08-02,343
2021-08-03,368
2021-08-04,318
2021-08-05,346
2021-08-06,269
2021-08-07,238
2021-08-08,313
2021-08-09,352
2021-08-10,310
2021-08-11,395
2021-08-12,289
2021-08-13,270
2021-08-14,268
2021-08-15,298
2021-08-16,363
2021-08-17,372
2021-08-18,356
2021-08-19,385
2021-08-20,309
2021-08-21,285
2021-08-22,334
2021-08-23,417
2021-08-24,429
2021-08-25,477
2021-08-26,431
2021-08-27,338
2021-08-28,360
2021-08-29,418
2021-08-30,424
2021-08-31,460
2021-09-01,650
2021-09-02,540
2021-09-03,519
2021-09-04,469
2021-09-05,579
2021-09-06,713
2021-09-07,1036
2021-09-08,921
2021-09-09,813
2021-09-10,497
2021-09-11,503
2021-09-12,795
2021-09-13,904
2021-09-14,968
2021-09-15,991
2021-09-16,953
2021-09-17,594
2021-09-18,605
2021-09-19,662
2021-09-20,690
2021-09-21,986
2021-09-22,1031
2021-09-23,1060
2021-09-24,683
2021-09-25,609
2021-09-26,773
2021-09-27,769
2021-09-28,1003
2021-09-29,846
2021-09-30,1049
2021-10-01,636
2021-10-02,586
2021-10-03,763
2021-10-04,836
2021-10-05,936
2021-10-06,913
2021-10-07,1015
2021-10-08,622
2021-10-09,468
2021-10-10,650
2021-10-11,706
2021-10-12,735
2021-10-13,708
2021-10-14,758
2021-10-15,641
2021-10-16,522
2021-10-17,718
2021-10-18,820
2021-10-19,798
2021-10-20,798
2021-10-21,854
2021-10-22,723
2021-10-23,591
2021-10-24,731
2021-10-25,870
2021-10-26,903
2021-10-27,954
2021-10-28,854
2021-10-29,593
2021-10-30,482
2021-10-31,590
2021-11-01,710
2021-11-02,820
2021-11-03,753
2021-11-04,928
2021-11-05,569
2021-11-06,497
2021-11-07,799
2021-11-08,694
2021-11-09,855
2021-11-10,829
2021-11-11,806
2021-11-12,564
2021-11-13,630
2021-11-14,688
2021-11-15,670
2021-11-16,819
2021-11-17,731
2021-11-18,673
2021-11-19,558
2021-11-20,548
2021-11-21,628
2021-11-22,762
2021-11-23,867
2021-11-24,752
2021-11-25,806
2021-11-26,494
2021-11-27,437
2021-11-28,573
2021-11-29,626
2021-11-30,863
2021-12-01,802
2021-12-02,693
2021-12-03,451
2021-12-04,426
2021-12-05,616
2021-12-06,705
2021-12-07,639
2021-12-08,775
2021-12-09,793
2021-12-10,504
2021-12-11,575
2021-12-12,544
2021-12-13,599
2021-12-14,612
2021-12-15,575
2021-12-16,612
2021-12-17,318
2021-12-18,276
2021-12-19,379
2021-12-20,333
2021-12-21,361
2021-12-22,300
2021-12-23,210
2021-12-24,188
2021-12-25,186
2021-12-26,205
2021-12-27,199
2021-12-28,254
2021-12-29,231
2021-12-30,233
2021-12-31,156
2022-01-01,190
2022-01-02,246
2022-01-03,293
2022-01-04,394
2022-01-05,445
2022-01-06,464
2022-01-07,340
2022-01-08,375
2022-01-09,457
2022-01-10,545
2022-01-11,533
2022-01-12,549
2022-01-13,569
2022-01-14,374
2022-01-15,366
2022-01-16,485
2022-01-17,612
2022-01-18,620
2022-01-19,637
2022-01-20,745
2022-01-21,456
2022-01-22,429
2022-01-23,550
2022-01-24,693
2022-01-25,773
2022-01-26,687
2022-01-27,868
2022-01-28,531
2022-01-29,530
2022-01-30,624
2022-01-31,807
2022-02-01,735
2022-02-02,844
2022-02-03,846
2022-02-04,418
2022-02-05,417
2022-02-06,529
2022-02-07,651
2022-02-08,719
2022-02-09,791
2022-02-10,755
2022-02-11,432
2022-02-12,429
2022-02-13,530
2022-02-14,674
2022-02-15,712
2022-02-16,693
2022-02-17,774
2022-02-18,506
2022-02-19,495
2022-02-20,556
2022-02-21,578
2022-02-22,582
2022-02-23,562
2022-02-24,529
2022-02-25,443
2022-02-26,444
2022-02-27,634
2022-02-28,711
2022-03-01,670
2022-03-02,696
2022-03-03,751
2022-03-04,621
2022-03-05,419
2022-03-06,542
2022-03-07,773
2022-03-08,809
2022-03-09,796
2022-03-10,1040
2022-03-11,542
2022-03-12,449
2022-03-13,586
2022-03-14,703
2022-03-15,719
2022-03-16,759
2022-03-17,755
2022-03-18,485
2022-03-19,385
2022-03-20,620
2022-03-21,619
2022-03-22,725
2022-03-23,781
2022-03-24,694
2022-03-25,541
2022-03-26,400
2022-03-27,573
2022-03-28,670
2022-03-29,731
2022-03-30,853
2022-03-31,783
2022-04-01,521
2022-04-02,437
2022-04-03,597
2022-04-04,679
2022-04-05,649
2022-04-06,605
2022-04-07,733
2022-04-08,553
2022-04-09,483
2022-04-10,605
2022-04-11,693
2022-04-12,672
2022-04-13,609
2022-04-14,616
2022-04-15,412
2022-04-16,398
2022-04-17,479
2022-04-18,500
2022-04-19,638
2022-04-20,557
2022-04-21,519
2022-04-22,444
2022-04-23,395
2022-04-24,469
2022-04-25,579
2022-04-26,636
2022-04-27,494
2022-04-28,514
2022-04-29,393
2022-04-30,359
2022-05-01,356
2022-05-02,436
2022-05-03,470
2022-05-04,491
2022-05-05,723
2022-05-06,462
2022-05-07,348
2022-05-08,462
2022-05-09,695
2022-05-10,497
2022-05-11,465
2022-05-12,449
2022-05-13,399
2022-05-14,329
2022-05-15,435
2022-05-16,528
2022-05-17,470
2022-05-18,487
2022-05-19,472
2022-05-20,453
2022-05-21,380
2022-05-22,454
2022-05-23,562
2022-05-24,505
2022-05-25,474
2022-05-26,445
2022-05-27,364
2022-05-28,329
2022-05-29,489
2022-05-30,452
2022-05-31,491
2022-06-01,510
2022-06-02,444
2022-06-03,388
2022-06-04,398
2022-06-05,456
2022-06-06,474
2022-06-07,447
2022-06-08,454
2022-06-09,394
2022-06-10,352
2022-06-11,295
2022-06-12,377
2022-06-13,450
2022-06-14,451
2022-06-15,387
2022-06-16,353
2022-06-17,325
2022-06-18,309
2022-06-19,392
2022-06-20,395
2022-06-21,373
2022-06-22,358
2022-06-23,653
2022-06-24,350
2022-06-25,291
2022-06-26,322
2022-06-27,446
2022-06-28,383
2022-06-29,396
2022-06-30,342
2022-07-01,275
2022-07-02,295
2022-07-03,280
2022-07-04,323
2022-07-05,346
2022-07-06,385
2022-07-07,387
2022-07-08,266
2022-07-09,271
2022-07-10,319
2022-07-11,390
2022-07-12,342
2022-07-13,375
2022-07-14,363
2022-07-15,323
2022-07-16,274
2022-07-17,303
2022-07-18,390
2022-07-19,321
2022-07-20,342
2022-07-21,309
2022-07-22,284
2022-07-23,307
2022-07-24,338
2022-07-25,319
2022-07-26,292
2022-07-27,334
2022-07-28,324
2022-07-29,293
2022-07-30,256
2022-07-31,322
2022-08-01,317
2022-08-02,373
2022-08-03,301
2022-08-04,289
2022-08-05,280
2022-08-06,225
2022-08-07,276
2022-08-08,314
2022-08-09,322
2022-08-10,302
2022-08-11,335
2022-08-12,284
2022-08-13,220
2022-08-14,243
2022-08-15,329
2022-08-16,351
2022-08-17,309
2022-08-18,365
2022-08-19,304
2022-08-20,236
2022-08-21,336
2022-08-22,399
2022-08-23,341
2022-08-24,464
2022-08-25,371
2022-08-26,324
2022-08-27,244
2022-08-28,355
2022-08-29,415
2022-08-30,429
2022-08-31,471
2022-09-01,392
2022-09-02,346
2022-09-03,297
2022-09-04,431
2022-09-05,441
2022-09-06,519
2022-09-07,627
2022-09-08,643
2022-09-09,491
2022-09-10,461
2022-09-11,610
2022-09-12,651
2022-09-13,617
2022-09-14,682
2022-09-15,550
2022-09-16,686
2022-09-17,489
2022-09-18,634
2022-09-19,717
2022-09-20,787
2022-09-21,826
2022-09-22,673
2022-09-23,473
2022-09-24,460
2022-09-25,776
2022-09-26,735
2022-09-27,723
2022-09-28,798
2022-09-29,707
2022-09-30,604
2022-10-01,535
2022-10-02,730
2022-10-03,870
2022-10-04,650
2022-10-05,651
2022-10-06,613
2022-10-07,532
2022-10-08,433
2022-10-09,601
2022-10-10,624
2022-10-11,666
2022-10-12,683
2022-10-13,642
2022-10-14,575
2022-10-15,544
2022-10-16,739
2022-10-17,773
2022-10-18,840
2022-10-19,836
2022-10-20,625
2022-10-21,559
2022-10-22,522
2022-10-23,645
2022-10-24,778
2022-10-25,770
2022-10-26,827
2022-10-27,750
2022-10-28,514
2022-10-29,519
2022-10-30,652
2022-10-31,668
2022-11-01,752
2022-11-02,771
2022-11-03,730
2022-11-04,636
2022-11-05,632
2022-11-06,878
2022-11-07,951
2022-11-08,874
2022-11-09,932
2022-11-10,803
2022-11-11,616
2022-11-12,643
2022-11-13,824
2022-11-14,971
2022-11-15,748
2022-11-16,837
2022-11-17,668
2022-11-18,609
2022-11-19,486
2022-11-20,865
2022-11-21,696
2022-11-22,618
2022-11-23,601
2022-11-24,538
2022-11-25,416
2022-11-26,442
2022-11-27,645
2022-11-28,710
2022-11-29,660
2022-11-30,693
2022-12-01,588
2022-12-02,472
2022-12-03,478
2022-12-04,769
2022-12-05,713
2022-12-06,651
2022-12-07,681
2022-12-08,580
2022-12-09,449
2022-12-10,392
2022-12-11,587
2022-12-12,548
2022-12-13,533
2022-12-14,516
2022-12-15,587
2022-12-16,533
2022-12-17,451
2022-12-18,404
2022-12-19,351
2022-12-20,345
2022-12-21,377
2022-12-22,282
2022-12-23,255
2022-12-24,201
2022-12-25,211
2022-12-26,257
2022-12-27,237
2022-12-28,299
2022-12-29,315
2022-12-30,261
2022-12-31,156
2023-01-01,269
2023-01-02,289
2023-01-03,347
2023-01-04,449
2023-01-05,400
2023-01-06,312
2023-01-07,368
2023-01-08,376
2023-01-09,422
2023-01-10,454
2023-01-11,591
2023-01-12,566
2023-01-13,455
2023-01-14,452
2023-01-15,561
2023-01-16,766
2023-01-17,702
2023-01-18,670
2023-01-19,781
2023-01-20,505
2023-01-21,421
2023-01-22,589
2023-01-23,643
2023-01-24,836
2023-01-25,816
2023-01-26,943
2023-01-27,532
2023-01-28,562
2023-01-29,817
2023-01-30,899
2023-01-31,935
2023-02-01,978
2023-02-02,1019
2023-02-03,675
2023-02-04,454
2023-02-05,645
2023-02-06,768
2023-02-07,799
2023-02-08,968
2023-02-09,1003
2023-02-10,616
2023-02-11,494
2023-02-12,569
2023-02-13,708
2023-02-14,654
2023-02-15,775
2023-02-16,845
2023-02-17,482
2023-02-18,502
2023-02-19,631
2023-02-20,609
2023-02-21,630
2023-02-22,657
2023-02-23,621
2023-02-24,574
2023-02-25,472
2023-02-26,779
2023-02-27,827
2023-02-28,917
2023-03-01,868
2023-03-02,908
2023-03-03,575
2023-03-04,580
2023-03-05,683
2023-03-06,872
2023-03-07,724
2023-03-08,796
2023-03-09,1000
2023-03-10,609
2023-03-11,523
2023-03-12,735
2023-03-13,810
2023-03-14,898
2023-03-15,904
2023-03-16,1196
2023-03-17,585
2023-03-18,563
2023-03-19,689
2023-03-20,807
2023-03-21,782
2023-03-22,883
2023-03-23,934
2023-03-24,527
2023-03-25,521
2023-03-26,670
2023-03-27,801
2023-03-28,763
2023-03-29,788
2023-03-30,809
2023-03-31,582
2023-04-01,489
2023-04-02,695
2023-04-03,854
2023-04-04,908
2023-04-05,706
2023-04-06,744
2023-04-07,487
2023-04-08,505
2023-04-09,633
2023-04-10,731
2023-04-11,679
2023-04-12,779
2023-04-13,752
2023-04-14,508
2023-04-15,476
2023-04-16,654
2023-04-17,664
2023-04-18,761
2023-04-19,726
2023-04-20,701
2023-04-21,514
2023-04-22,475
2023-04-23,664
2023-04-24,726
2023-04-25,666
2023-04-26,667
2023-04-27,612
2023-04-28,543
2023-04-29,502
2023-04-30,602
2023-05-01,656
2023-05-02,730
2023-05-03,658
2023-05-04,586
2023-05-05,521
2023-05-06,514
2023-05-07,605
2023-05-08,592
2023-05-09,629
2023-05-10,627
2023-05-11,626
2023-05-12,526
2023-05-13,436
2023-05-14,663
2023-05-15,660
2023-05-16,703
2023-05-17,668
2023-05-18,644
2023-05-19,445
2023-05-20,462
2023-05-21,563
2023-05-22,673
2023-05-23,604
2023-05-24,609
2023-05-25,645
2023-05-26,512
2023-05-27,360
2023-05-28,522
2023-05-29,589
2023-05-30,627
2023-05-31,573
2023-06-01,513
2023-06-02,371
2023-06-03,396
2023-06-04,597
2023-06-05,552
2023-06-06,646
2023-06-07,450
2023-06-08,482
2023-06-09,374
2023-06-10,341
2023-06-11,530
2023-06-12,571
2023-06-13,516
2023-06-14,554
2023-06-15,439
2023-06-16,432
2023-06-17,324
2023-06-18,383
2023-06-19,430
2023-06-20,470
2023-06-21,453
2023-06-22,369
2023-06-23,272
2023-06-24,282
2023-06-25,321
2023-06-26,375
2023-06-27,298
2023-06-28,326
2023-06-29,305
2023-06-30,306
2023-07-01,262
2023-07-02,375
2023-07-03,340
2023-07-04,338
2023-07-05,356
2023-07-06,401
2023-07-07,299
2023-07-08,305
2023-07-09,365
2023-07-10,356
2023-07-11,371
2023-07-12,359
2023-07-13,361
2023-07-14,300
2023-07-15,281
2023-07-16,357
2023-07-17,438
2023-07-18,403
2023-07-19,373
2023-07-20,375
2023-07-21,303
2023-07-22,301
2023-07-23,333
2023-07-24,365
2023-07-25,356
2023-07-26,333
2023-07-27,358
2023-07-28,322
2023-07-29,260
2023-07-30,346
2023-07-31,392
2023-08-01,391
2023-08-02,374
2023-08-03,344
2023-08-04,295
2023-08-05,244
2023-08-06,331
2023-08-07,341
2023-08-08,468
2023-08-09,385
2023-08-10,364
2023-08-11,293
2023-08-12,294
2023-08-13,371
2023-08-14,352
2023-08-15,381
2023-08-16,361
2023-08-17,393
2023-08-18,319
2023-08-19,282
2023-08-20,351
2023-08-21,374
2023-08-22,420
2023-08-23,456
2023-08-24,381
2023-08-25,353
2023-08-26,277
2023-08-27,353
2023-08-28,436
2023-08-29,427
2023-08-30,460
2023-08-31,464
2023-09-01,386
2023-09-02,376
2023-09-03,480
2023-09-04,539
2023-09-05,555
2023-09-06,598
2023-09-07,656
2023-09-08,619
2023-09-09,432
2023-09-10,654
2023-09-11,645
2023-09-12,637
2023-09-13,652
2023-09-14,702
2023-09-15,601
2023-09-16,447
2023-09-17,594
2023-09-18,785
2023-09-19,628
2023-09-20,701
2023-09-21,757
2023-09-22,521
2023-09-23,517
2023-09-24,803
2023-09-25,845
2023-09-26,894
2023-09-27,807
2023-09-28,784
2023-09-29,552
2023-09-30,483
2023-10-01,667
2023-10-02,857
2023-10-03,873
2023-10-04,791
2023-10-05,669
2023-10-06,513
2023-10-07,441
2023-10-08,724
2023-10-09,701
2023-10-10,728
2023-10-11,820
2023-10-12,720
2023-10-13,599
2023-10-14,620
2023-10-15,653
2023-10-16,803
2023-10-17,766
2023-10-18,824
2023-10-19,728
2023-10-20,554
2023-10-21,531
2023-10-22,681
